<?xml version="1.0" encoding="UTF-8"?>
<mxfile host="Electron" modified="2024-07-18T00:53:35.795Z" agent="Mozilla/5.0 (Windows NT 10.0; Win64; x64) AppleWebKit/537.36 (KHTML, like Gecko) draw.io/24.6.4 Chrome/124.0.6367.207 Electron/30.0.6 Safari/537.36" etag="xRZF3r11mtHfEQT9Hera" version="24.6.4" type="device" pages="5">
  <diagram id="C5RBs43oDa-KdzZeNtuy" name="Page-1">
    <mxGraphModel dx="1036" dy="606" grid="1" gridSize="10" guides="1" tooltips="1" connect="1" arrows="1" fold="1" page="1" pageScale="1" pageWidth="827" pageHeight="1169" math="0" shadow="0">
      <root>
        <mxCell id="WIyWlLk6GJQsqaUBKTNV-0" />
        <mxCell id="WIyWlLk6GJQsqaUBKTNV-1" parent="WIyWlLk6GJQsqaUBKTNV-0" />
        <mxCell id="eeKe7yQYDMeV3MXNderO-6" style="edgeStyle=none;rounded=0;orthogonalLoop=1;jettySize=auto;html=1;exitX=0.5;exitY=1;exitDx=0;exitDy=0;entryX=0.5;entryY=0;entryDx=0;entryDy=0;" parent="WIyWlLk6GJQsqaUBKTNV-1" source="eeKe7yQYDMeV3MXNderO-0" target="eeKe7yQYDMeV3MXNderO-4" edge="1">
          <mxGeometry relative="1" as="geometry" />
        </mxCell>
        <mxCell id="eeKe7yQYDMeV3MXNderO-0" value="Main" style="ellipse;whiteSpace=wrap;html=1;" parent="WIyWlLk6GJQsqaUBKTNV-1" vertex="1">
          <mxGeometry x="400" y="60" width="90" height="60" as="geometry" />
        </mxCell>
        <mxCell id="eeKe7yQYDMeV3MXNderO-2" value="M1 -- Size of Shapes -&gt; Cross, back slash, forward slash" style="text;html=1;align=center;verticalAlign=middle;resizable=0;points=[];autosize=1;strokeColor=none;fillColor=none;" parent="WIyWlLk6GJQsqaUBKTNV-1" vertex="1">
          <mxGeometry x="249" y="8" width="330" height="30" as="geometry" />
        </mxCell>
        <mxCell id="eeKe7yQYDMeV3MXNderO-10" style="edgeStyle=none;rounded=0;orthogonalLoop=1;jettySize=auto;html=1;exitX=0.5;exitY=1;exitDx=0;exitDy=0;entryX=0.5;entryY=0;entryDx=0;entryDy=0;" parent="WIyWlLk6GJQsqaUBKTNV-1" source="eeKe7yQYDMeV3MXNderO-4" target="eeKe7yQYDMeV3MXNderO-9" edge="1">
          <mxGeometry relative="1" as="geometry" />
        </mxCell>
        <mxCell id="eeKe7yQYDMeV3MXNderO-4" value="Declare variables&lt;div&gt;x, col, row, shape,&amp;nbsp;&lt;/div&gt;" style="rounded=1;whiteSpace=wrap;html=1;" parent="WIyWlLk6GJQsqaUBKTNV-1" vertex="1">
          <mxGeometry x="385" y="180" width="120" height="60" as="geometry" />
        </mxCell>
        <mxCell id="eeKe7yQYDMeV3MXNderO-18" style="edgeStyle=none;rounded=0;orthogonalLoop=1;jettySize=auto;html=1;exitX=0.5;exitY=1;exitDx=0;exitDy=0;entryX=0.5;entryY=0;entryDx=0;entryDy=0;" parent="WIyWlLk6GJQsqaUBKTNV-1" source="eeKe7yQYDMeV3MXNderO-9" target="eeKe7yQYDMeV3MXNderO-14" edge="1">
          <mxGeometry relative="1" as="geometry" />
        </mxCell>
        <mxCell id="eeKe7yQYDMeV3MXNderO-9" value="&lt;div&gt;Create a numbered shape that can be sized.&lt;br&gt;&lt;/div&gt;&lt;div&gt;Input an integer number [1,50] and a character [x,b,f]&lt;/div&gt;&lt;div&gt;x, shapes.&lt;br&gt;&lt;/div&gt;" style="shape=parallelogram;perimeter=parallelogramPerimeter;whiteSpace=wrap;html=1;fixedSize=1;" parent="WIyWlLk6GJQsqaUBKTNV-1" vertex="1">
          <mxGeometry x="290" y="300" width="310" height="60" as="geometry" />
        </mxCell>
        <mxCell id="eeKe7yQYDMeV3MXNderO-16" style="edgeStyle=none;rounded=0;orthogonalLoop=1;jettySize=auto;html=1;exitX=1;exitY=0.5;exitDx=0;exitDy=0;entryX=0;entryY=0.5;entryDx=0;entryDy=0;" parent="WIyWlLk6GJQsqaUBKTNV-1" source="eeKe7yQYDMeV3MXNderO-14" target="eeKe7yQYDMeV3MXNderO-15" edge="1">
          <mxGeometry relative="1" as="geometry" />
        </mxCell>
        <mxCell id="eeKe7yQYDMeV3MXNderO-20" value="" style="edgeStyle=none;rounded=0;orthogonalLoop=1;jettySize=auto;html=1;" parent="WIyWlLk6GJQsqaUBKTNV-1" source="eeKe7yQYDMeV3MXNderO-14" target="eeKe7yQYDMeV3MXNderO-19" edge="1">
          <mxGeometry relative="1" as="geometry" />
        </mxCell>
        <mxCell id="eeKe7yQYDMeV3MXNderO-14" value="x &amp;gt;= 1 &amp;amp;&amp;amp; x &amp;lt;= 50" style="rhombus;whiteSpace=wrap;html=1;" parent="WIyWlLk6GJQsqaUBKTNV-1" vertex="1">
          <mxGeometry x="382.5" y="420" width="125" height="130" as="geometry" />
        </mxCell>
        <mxCell id="Xt7AVAgJ1h_rq_sLQmoI-1" value="" style="edgeStyle=orthogonalEdgeStyle;rounded=0;orthogonalLoop=1;jettySize=auto;html=1;" parent="WIyWlLk6GJQsqaUBKTNV-1" source="eeKe7yQYDMeV3MXNderO-15" target="Xt7AVAgJ1h_rq_sLQmoI-0" edge="1">
          <mxGeometry relative="1" as="geometry" />
        </mxCell>
        <mxCell id="eeKe7yQYDMeV3MXNderO-15" value="output&lt;div&gt;Invalid integer&lt;/div&gt;" style="shape=parallelogram;perimeter=parallelogramPerimeter;whiteSpace=wrap;html=1;fixedSize=1;" parent="WIyWlLk6GJQsqaUBKTNV-1" vertex="1">
          <mxGeometry x="565" y="455" width="120" height="60" as="geometry" />
        </mxCell>
        <mxCell id="eeKe7yQYDMeV3MXNderO-17" value="False" style="text;html=1;align=center;verticalAlign=middle;resizable=0;points=[];autosize=1;strokeColor=none;fillColor=none;" parent="WIyWlLk6GJQsqaUBKTNV-1" vertex="1">
          <mxGeometry x="515" y="455" width="50" height="30" as="geometry" />
        </mxCell>
        <mxCell id="eeKe7yQYDMeV3MXNderO-24" value="" style="edgeStyle=orthogonalEdgeStyle;rounded=0;orthogonalLoop=1;jettySize=auto;html=1;" parent="WIyWlLk6GJQsqaUBKTNV-1" source="eeKe7yQYDMeV3MXNderO-19" target="eeKe7yQYDMeV3MXNderO-23" edge="1">
          <mxGeometry relative="1" as="geometry" />
        </mxCell>
        <mxCell id="eeKe7yQYDMeV3MXNderO-57" value="" style="edgeStyle=orthogonalEdgeStyle;rounded=0;orthogonalLoop=1;jettySize=auto;html=1;" parent="WIyWlLk6GJQsqaUBKTNV-1" source="eeKe7yQYDMeV3MXNderO-19" target="eeKe7yQYDMeV3MXNderO-56" edge="1">
          <mxGeometry relative="1" as="geometry" />
        </mxCell>
        <mxCell id="eeKe7yQYDMeV3MXNderO-19" value="shape == &#39;x&#39;" style="rhombus;whiteSpace=wrap;html=1;" parent="WIyWlLk6GJQsqaUBKTNV-1" vertex="1">
          <mxGeometry x="385" y="580" width="125" height="130" as="geometry" />
        </mxCell>
        <mxCell id="eeKe7yQYDMeV3MXNderO-28" value="" style="edgeStyle=orthogonalEdgeStyle;rounded=0;orthogonalLoop=1;jettySize=auto;html=1;" parent="WIyWlLk6GJQsqaUBKTNV-1" source="eeKe7yQYDMeV3MXNderO-23" target="eeKe7yQYDMeV3MXNderO-27" edge="1">
          <mxGeometry relative="1" as="geometry" />
        </mxCell>
        <mxCell id="tCyfYiFPmrKtrngH9V25-1" value="" style="edgeStyle=orthogonalEdgeStyle;rounded=0;orthogonalLoop=1;jettySize=auto;html=1;" parent="WIyWlLk6GJQsqaUBKTNV-1" source="eeKe7yQYDMeV3MXNderO-23" target="tCyfYiFPmrKtrngH9V25-0" edge="1">
          <mxGeometry relative="1" as="geometry" />
        </mxCell>
        <mxCell id="eeKe7yQYDMeV3MXNderO-23" value="shape == &#39;b&#39;" style="rhombus;whiteSpace=wrap;html=1;" parent="WIyWlLk6GJQsqaUBKTNV-1" vertex="1">
          <mxGeometry x="382.5" y="750" width="130" height="135" as="geometry" />
        </mxCell>
        <mxCell id="eeKe7yQYDMeV3MXNderO-25" value="True" style="text;html=1;align=center;verticalAlign=middle;resizable=0;points=[];autosize=1;strokeColor=none;fillColor=none;" parent="WIyWlLk6GJQsqaUBKTNV-1" vertex="1">
          <mxGeometry x="407.5" y="550" width="50" height="30" as="geometry" />
        </mxCell>
        <mxCell id="eeKe7yQYDMeV3MXNderO-26" value="False" style="text;html=1;align=center;verticalAlign=middle;resizable=0;points=[];autosize=1;strokeColor=none;fillColor=none;" parent="WIyWlLk6GJQsqaUBKTNV-1" vertex="1">
          <mxGeometry x="400" y="720" width="50" height="30" as="geometry" />
        </mxCell>
        <mxCell id="tCyfYiFPmrKtrngH9V25-3" value="" style="edgeStyle=orthogonalEdgeStyle;rounded=0;orthogonalLoop=1;jettySize=auto;html=1;" parent="WIyWlLk6GJQsqaUBKTNV-1" source="eeKe7yQYDMeV3MXNderO-27" target="tCyfYiFPmrKtrngH9V25-2" edge="1">
          <mxGeometry relative="1" as="geometry" />
        </mxCell>
        <mxCell id="Xt7AVAgJ1h_rq_sLQmoI-6" value="" style="edgeStyle=orthogonalEdgeStyle;rounded=0;orthogonalLoop=1;jettySize=auto;html=1;" parent="WIyWlLk6GJQsqaUBKTNV-1" source="eeKe7yQYDMeV3MXNderO-27" target="Xt7AVAgJ1h_rq_sLQmoI-5" edge="1">
          <mxGeometry relative="1" as="geometry">
            <Array as="points">
              <mxPoint x="447" y="1120" />
            </Array>
          </mxGeometry>
        </mxCell>
        <mxCell id="eeKe7yQYDMeV3MXNderO-27" value="shape == &#39;f&#39;" style="rhombus;whiteSpace=wrap;html=1;" parent="WIyWlLk6GJQsqaUBKTNV-1" vertex="1">
          <mxGeometry x="382.5" y="930" width="130" height="127.5" as="geometry" />
        </mxCell>
        <mxCell id="eeKe7yQYDMeV3MXNderO-29" value="False" style="text;html=1;align=center;verticalAlign=middle;resizable=0;points=[];autosize=1;strokeColor=none;fillColor=none;" parent="WIyWlLk6GJQsqaUBKTNV-1" vertex="1">
          <mxGeometry x="402.5" y="900" width="50" height="30" as="geometry" />
        </mxCell>
        <mxCell id="eeKe7yQYDMeV3MXNderO-56" value="Page 2" style="ellipse;whiteSpace=wrap;html=1;" parent="WIyWlLk6GJQsqaUBKTNV-1" vertex="1">
          <mxGeometry x="680" y="605" width="80" height="80" as="geometry" />
        </mxCell>
        <mxCell id="tCyfYiFPmrKtrngH9V25-0" value="page 3" style="ellipse;whiteSpace=wrap;html=1;" parent="WIyWlLk6GJQsqaUBKTNV-1" vertex="1">
          <mxGeometry x="680" y="777.5" width="80" height="80" as="geometry" />
        </mxCell>
        <mxCell id="tCyfYiFPmrKtrngH9V25-2" value="page 4" style="ellipse;whiteSpace=wrap;html=1;" parent="WIyWlLk6GJQsqaUBKTNV-1" vertex="1">
          <mxGeometry x="680" y="953.75" width="80" height="80" as="geometry" />
        </mxCell>
        <mxCell id="Xt7AVAgJ1h_rq_sLQmoI-0" value="page 5" style="ellipse;whiteSpace=wrap;html=1;" parent="WIyWlLk6GJQsqaUBKTNV-1" vertex="1">
          <mxGeometry x="730" y="445" width="80" height="80" as="geometry" />
        </mxCell>
        <mxCell id="Xt7AVAgJ1h_rq_sLQmoI-2" value="True" style="text;html=1;align=center;verticalAlign=middle;resizable=0;points=[];autosize=1;strokeColor=none;fillColor=none;" parent="WIyWlLk6GJQsqaUBKTNV-1" vertex="1">
          <mxGeometry x="517.5" y="620" width="50" height="30" as="geometry" />
        </mxCell>
        <mxCell id="Xt7AVAgJ1h_rq_sLQmoI-3" value="True" style="text;html=1;align=center;verticalAlign=middle;resizable=0;points=[];autosize=1;strokeColor=none;fillColor=none;" parent="WIyWlLk6GJQsqaUBKTNV-1" vertex="1">
          <mxGeometry x="531.5" y="790" width="50" height="30" as="geometry" />
        </mxCell>
        <mxCell id="Xt7AVAgJ1h_rq_sLQmoI-4" value="True" style="text;html=1;align=center;verticalAlign=middle;resizable=0;points=[];autosize=1;strokeColor=none;fillColor=none;" parent="WIyWlLk6GJQsqaUBKTNV-1" vertex="1">
          <mxGeometry x="542.5" y="962" width="50" height="30" as="geometry" />
        </mxCell>
        <mxCell id="Xt7AVAgJ1h_rq_sLQmoI-8" value="" style="edgeStyle=orthogonalEdgeStyle;rounded=0;orthogonalLoop=1;jettySize=auto;html=1;" parent="WIyWlLk6GJQsqaUBKTNV-1" source="Xt7AVAgJ1h_rq_sLQmoI-5" target="Xt7AVAgJ1h_rq_sLQmoI-7" edge="1">
          <mxGeometry relative="1" as="geometry" />
        </mxCell>
        <mxCell id="Xt7AVAgJ1h_rq_sLQmoI-5" value="output&amp;nbsp;&lt;div&gt;Invalid shape&lt;br&gt;&lt;/div&gt;" style="shape=parallelogram;perimeter=parallelogramPerimeter;whiteSpace=wrap;html=1;fixedSize=1;" parent="WIyWlLk6GJQsqaUBKTNV-1" vertex="1">
          <mxGeometry x="461.5" y="1090" width="120" height="60" as="geometry" />
        </mxCell>
        <mxCell id="Xt7AVAgJ1h_rq_sLQmoI-7" value="page 5" style="ellipse;whiteSpace=wrap;html=1;" parent="WIyWlLk6GJQsqaUBKTNV-1" vertex="1">
          <mxGeometry x="681.5" y="1080" width="80" height="80" as="geometry" />
        </mxCell>
        <mxCell id="Xt7AVAgJ1h_rq_sLQmoI-9" value="False" style="text;html=1;align=center;verticalAlign=middle;resizable=0;points=[];autosize=1;strokeColor=none;fillColor=none;" parent="WIyWlLk6GJQsqaUBKTNV-1" vertex="1">
          <mxGeometry x="400" y="1080" width="50" height="30" as="geometry" />
        </mxCell>
        <mxCell id="OP95sGlMHnh7HAUx-jCz-2" value="" style="edgeStyle=orthogonalEdgeStyle;rounded=0;orthogonalLoop=1;jettySize=auto;html=1;" parent="WIyWlLk6GJQsqaUBKTNV-1" source="OP95sGlMHnh7HAUx-jCz-0" target="OP95sGlMHnh7HAUx-jCz-1" edge="1">
          <mxGeometry relative="1" as="geometry" />
        </mxCell>
        <mxCell id="OP95sGlMHnh7HAUx-jCz-0" value="system libraries&lt;div&gt;I\O objects&lt;/div&gt;&lt;div&gt;Standard Namespace&lt;/div&gt;" style="rounded=1;whiteSpace=wrap;html=1;" parent="WIyWlLk6GJQsqaUBKTNV-1" vertex="1">
          <mxGeometry x="50" y="180" width="120" height="60" as="geometry" />
        </mxCell>
        <mxCell id="OP95sGlMHnh7HAUx-jCz-4" value="" style="edgeStyle=orthogonalEdgeStyle;rounded=0;orthogonalLoop=1;jettySize=auto;html=1;" parent="WIyWlLk6GJQsqaUBKTNV-1" source="OP95sGlMHnh7HAUx-jCz-1" target="OP95sGlMHnh7HAUx-jCz-3" edge="1">
          <mxGeometry relative="1" as="geometry" />
        </mxCell>
        <mxCell id="OP95sGlMHnh7HAUx-jCz-1" value="user libraries&lt;div&gt;none&lt;/div&gt;" style="whiteSpace=wrap;html=1;rounded=1;" parent="WIyWlLk6GJQsqaUBKTNV-1" vertex="1">
          <mxGeometry x="50" y="320" width="120" height="60" as="geometry" />
        </mxCell>
        <mxCell id="OP95sGlMHnh7HAUx-jCz-6" value="" style="edgeStyle=orthogonalEdgeStyle;rounded=0;orthogonalLoop=1;jettySize=auto;html=1;" parent="WIyWlLk6GJQsqaUBKTNV-1" source="OP95sGlMHnh7HAUx-jCz-3" target="OP95sGlMHnh7HAUx-jCz-5" edge="1">
          <mxGeometry relative="1" as="geometry" />
        </mxCell>
        <mxCell id="OP95sGlMHnh7HAUx-jCz-3" value="Global constants&lt;div&gt;none&lt;/div&gt;" style="whiteSpace=wrap;html=1;rounded=1;" parent="WIyWlLk6GJQsqaUBKTNV-1" vertex="1">
          <mxGeometry x="50" y="460" width="120" height="60" as="geometry" />
        </mxCell>
        <mxCell id="OP95sGlMHnh7HAUx-jCz-10" style="edgeStyle=orthogonalEdgeStyle;rounded=0;orthogonalLoop=1;jettySize=auto;html=1;exitX=0.5;exitY=1;exitDx=0;exitDy=0;entryX=0;entryY=0.5;entryDx=0;entryDy=0;" parent="WIyWlLk6GJQsqaUBKTNV-1" source="OP95sGlMHnh7HAUx-jCz-5" target="eeKe7yQYDMeV3MXNderO-0" edge="1">
          <mxGeometry relative="1" as="geometry">
            <Array as="points">
              <mxPoint x="110" y="680" />
              <mxPoint x="260" y="680" />
              <mxPoint x="260" y="90" />
            </Array>
          </mxGeometry>
        </mxCell>
        <mxCell id="OP95sGlMHnh7HAUx-jCz-5" value="Function prototypes&lt;div&gt;none&lt;/div&gt;" style="whiteSpace=wrap;html=1;rounded=1;" parent="WIyWlLk6GJQsqaUBKTNV-1" vertex="1">
          <mxGeometry x="50" y="600" width="120" height="60" as="geometry" />
        </mxCell>
        <mxCell id="OP95sGlMHnh7HAUx-jCz-9" style="edgeStyle=orthogonalEdgeStyle;rounded=0;orthogonalLoop=1;jettySize=auto;html=1;exitX=0.5;exitY=1;exitDx=0;exitDy=0;entryX=0.5;entryY=0;entryDx=0;entryDy=0;" parent="WIyWlLk6GJQsqaUBKTNV-1" source="OP95sGlMHnh7HAUx-jCz-7" target="OP95sGlMHnh7HAUx-jCz-0" edge="1">
          <mxGeometry relative="1" as="geometry" />
        </mxCell>
        <UserObject label="&lt;b&gt;&amp;nbsp;Author&lt;/b&gt;: Ireoluwa Dairo&lt;br&gt;&lt;b&gt;Created on &lt;/b&gt;January 15 4:18 pm&lt;br&gt;&lt;b&gt;&amp;nbsp;Purpose&lt;/b&gt;:&amp;nbsp; Cross one-side or the other&lt;div&gt;&lt;br/&gt;&lt;/div&gt;" link="/* &#xa; * File:   main.cpp&#xa; * Author: Ireoluwa Dairo&#xa; * Created on January 15 4:18 pm&#xa; * Purpose:  Cross one-side or the other&#xa; */" id="OP95sGlMHnh7HAUx-jCz-7">
          <mxCell style="whiteSpace=wrap;html=1;rounded=1;" parent="WIyWlLk6GJQsqaUBKTNV-1" vertex="1">
            <mxGeometry y="40" width="220" height="80" as="geometry" />
          </mxCell>
        </UserObject>
      </root>
    </mxGraphModel>
  </diagram>
  <diagram id="IoF_GAKFIvQKj7BpXgzk" name="Page-2">
    <mxGraphModel dx="1400" dy="721" grid="1" gridSize="10" guides="1" tooltips="1" connect="1" arrows="1" fold="1" page="1" pageScale="1" pageWidth="827" pageHeight="1169" math="0" shadow="0">
      <root>
        <mxCell id="0" />
        <mxCell id="1" parent="0" />
        <mxCell id="Bed1ugxodQr21dAhCKkU-1" value="" style="edgeStyle=orthogonalEdgeStyle;rounded=0;orthogonalLoop=1;jettySize=auto;html=1;" edge="1" parent="1" source="Bed1ugxodQr21dAhCKkU-2" target="Bed1ugxodQr21dAhCKkU-4">
          <mxGeometry relative="1" as="geometry" />
        </mxCell>
        <mxCell id="z3816eSXSqEiKnjXgaAU-45" value="" style="edgeStyle=orthogonalEdgeStyle;rounded=0;orthogonalLoop=1;jettySize=auto;html=1;" edge="1" parent="1" source="Bed1ugxodQr21dAhCKkU-2" target="z3816eSXSqEiKnjXgaAU-44">
          <mxGeometry relative="1" as="geometry" />
        </mxCell>
        <mxCell id="Bed1ugxodQr21dAhCKkU-2" value="x % 2 == 0" style="rhombus;whiteSpace=wrap;html=1;" vertex="1" parent="1">
          <mxGeometry y="121.25" width="80" height="80" as="geometry" />
        </mxCell>
        <mxCell id="Bed1ugxodQr21dAhCKkU-3" style="edgeStyle=orthogonalEdgeStyle;rounded=0;orthogonalLoop=1;jettySize=auto;html=1;exitX=1;exitY=0.5;exitDx=0;exitDy=0;entryX=0;entryY=0.5;entryDx=0;entryDy=0;" edge="1" parent="1" source="Bed1ugxodQr21dAhCKkU-4" target="Bed1ugxodQr21dAhCKkU-6">
          <mxGeometry relative="1" as="geometry" />
        </mxCell>
        <mxCell id="Bed1ugxodQr21dAhCKkU-4" value="row = 1" style="rounded=1;whiteSpace=wrap;html=1;" vertex="1" parent="1">
          <mxGeometry x="110" y="142.5" width="90" height="37.5" as="geometry" />
        </mxCell>
        <mxCell id="Bed1ugxodQr21dAhCKkU-5" value="" style="edgeStyle=orthogonalEdgeStyle;rounded=0;orthogonalLoop=1;jettySize=auto;html=1;" edge="1" parent="1" source="Bed1ugxodQr21dAhCKkU-6" target="Bed1ugxodQr21dAhCKkU-8">
          <mxGeometry relative="1" as="geometry" />
        </mxCell>
        <mxCell id="z3816eSXSqEiKnjXgaAU-41" value="" style="edgeStyle=orthogonalEdgeStyle;rounded=0;orthogonalLoop=1;jettySize=auto;html=1;" edge="1" parent="1" source="Bed1ugxodQr21dAhCKkU-6" target="z3816eSXSqEiKnjXgaAU-40">
          <mxGeometry relative="1" as="geometry" />
        </mxCell>
        <mxCell id="Bed1ugxodQr21dAhCKkU-6" value="row &lt;= x" style="rhombus;whiteSpace=wrap;html=1;" vertex="1" parent="1">
          <mxGeometry x="257.5" y="136.25" width="75" height="50" as="geometry" />
        </mxCell>
        <mxCell id="Bed1ugxodQr21dAhCKkU-7" value="" style="edgeStyle=orthogonalEdgeStyle;rounded=0;orthogonalLoop=1;jettySize=auto;html=1;" edge="1" parent="1" source="Bed1ugxodQr21dAhCKkU-8" target="Bed1ugxodQr21dAhCKkU-10">
          <mxGeometry relative="1" as="geometry" />
        </mxCell>
        <mxCell id="z3816eSXSqEiKnjXgaAU-29" value="" style="edgeStyle=orthogonalEdgeStyle;rounded=0;orthogonalLoop=1;jettySize=auto;html=1;" edge="1" parent="1" source="Bed1ugxodQr21dAhCKkU-8" target="Bed1ugxodQr21dAhCKkU-10">
          <mxGeometry relative="1" as="geometry" />
        </mxCell>
        <mxCell id="Bed1ugxodQr21dAhCKkU-8" value="col = 1" style="whiteSpace=wrap;html=1;" vertex="1" parent="1">
          <mxGeometry x="255" y="226.25" width="80" height="30" as="geometry" />
        </mxCell>
        <mxCell id="Bed1ugxodQr21dAhCKkU-9" value="" style="edgeStyle=orthogonalEdgeStyle;rounded=0;orthogonalLoop=1;jettySize=auto;html=1;" edge="1" parent="1" source="Bed1ugxodQr21dAhCKkU-10" target="Bed1ugxodQr21dAhCKkU-12">
          <mxGeometry relative="1" as="geometry" />
        </mxCell>
        <mxCell id="z3816eSXSqEiKnjXgaAU-39" value="" style="edgeStyle=orthogonalEdgeStyle;rounded=0;orthogonalLoop=1;jettySize=auto;html=1;" edge="1" parent="1" source="Bed1ugxodQr21dAhCKkU-10" target="z3816eSXSqEiKnjXgaAU-38">
          <mxGeometry relative="1" as="geometry" />
        </mxCell>
        <mxCell id="Bed1ugxodQr21dAhCKkU-10" value="col &lt;= x" style="rhombus;whiteSpace=wrap;html=1;" vertex="1" parent="1">
          <mxGeometry x="390" y="201.25" width="80" height="80" as="geometry" />
        </mxCell>
        <mxCell id="Bed1ugxodQr21dAhCKkU-11" value="" style="edgeStyle=orthogonalEdgeStyle;rounded=0;orthogonalLoop=1;jettySize=auto;html=1;" edge="1" parent="1" source="Bed1ugxodQr21dAhCKkU-12" target="Bed1ugxodQr21dAhCKkU-14">
          <mxGeometry relative="1" as="geometry" />
        </mxCell>
        <mxCell id="z3816eSXSqEiKnjXgaAU-7" value="" style="edgeStyle=orthogonalEdgeStyle;rounded=0;orthogonalLoop=1;jettySize=auto;html=1;" edge="1" parent="1" source="Bed1ugxodQr21dAhCKkU-12" target="z3816eSXSqEiKnjXgaAU-6">
          <mxGeometry relative="1" as="geometry" />
        </mxCell>
        <mxCell id="Bed1ugxodQr21dAhCKkU-12" value="col == row" style="rhombus;whiteSpace=wrap;html=1;" vertex="1" parent="1">
          <mxGeometry x="530" y="201.25" width="76" height="80" as="geometry" />
        </mxCell>
        <mxCell id="z3816eSXSqEiKnjXgaAU-2" value="" style="edgeStyle=orthogonalEdgeStyle;rounded=0;orthogonalLoop=1;jettySize=auto;html=1;" edge="1" parent="1" source="Bed1ugxodQr21dAhCKkU-14" target="z3816eSXSqEiKnjXgaAU-1">
          <mxGeometry relative="1" as="geometry" />
        </mxCell>
        <mxCell id="z3816eSXSqEiKnjXgaAU-9" value="" style="edgeStyle=orthogonalEdgeStyle;rounded=0;orthogonalLoop=1;jettySize=auto;html=1;" edge="1" parent="1" source="Bed1ugxodQr21dAhCKkU-14" target="z3816eSXSqEiKnjXgaAU-8">
          <mxGeometry relative="1" as="geometry" />
        </mxCell>
        <mxCell id="Bed1ugxodQr21dAhCKkU-14" value="col == x - row + 1" style="rhombus;whiteSpace=wrap;html=1;" vertex="1" parent="1">
          <mxGeometry x="510" y="310" width="116" height="105" as="geometry" />
        </mxCell>
        <mxCell id="z3816eSXSqEiKnjXgaAU-3" style="edgeStyle=orthogonalEdgeStyle;rounded=0;orthogonalLoop=1;jettySize=auto;html=1;exitX=0.5;exitY=1;exitDx=0;exitDy=0;entryX=0.5;entryY=0;entryDx=0;entryDy=0;" edge="1" parent="1" source="Bed1ugxodQr21dAhCKkU-16" target="Bed1ugxodQr21dAhCKkU-2">
          <mxGeometry relative="1" as="geometry" />
        </mxCell>
        <mxCell id="Bed1ugxodQr21dAhCKkU-16" value="page 2" style="ellipse;whiteSpace=wrap;html=1;" vertex="1" parent="1">
          <mxGeometry x="10" y="10" width="60" height="60" as="geometry" />
        </mxCell>
        <mxCell id="z3816eSXSqEiKnjXgaAU-19" style="edgeStyle=orthogonalEdgeStyle;rounded=0;orthogonalLoop=1;jettySize=auto;html=1;exitX=1;exitY=0.5;exitDx=0;exitDy=0;entryX=0.5;entryY=1;entryDx=0;entryDy=0;" edge="1" parent="1" source="z3816eSXSqEiKnjXgaAU-1" target="z3816eSXSqEiKnjXgaAU-12">
          <mxGeometry relative="1" as="geometry" />
        </mxCell>
        <mxCell id="z3816eSXSqEiKnjXgaAU-1" value="&quot; &quot;" style="shape=parallelogram;perimeter=parallelogramPerimeter;whiteSpace=wrap;html=1;fixedSize=1;" vertex="1" parent="1">
          <mxGeometry x="507" y="467.5" width="122" height="62.5" as="geometry" />
        </mxCell>
        <mxCell id="z3816eSXSqEiKnjXgaAU-4" value="False" style="text;html=1;align=center;verticalAlign=middle;resizable=0;points=[];autosize=1;strokeColor=none;fillColor=none;" vertex="1" parent="1">
          <mxGeometry x="525" y="280" width="50" height="30" as="geometry" />
        </mxCell>
        <mxCell id="z3816eSXSqEiKnjXgaAU-5" value="False" style="text;html=1;align=center;verticalAlign=middle;resizable=0;points=[];autosize=1;strokeColor=none;fillColor=none;" vertex="1" parent="1">
          <mxGeometry x="525" y="418" width="50" height="30" as="geometry" />
        </mxCell>
        <mxCell id="z3816eSXSqEiKnjXgaAU-17" style="edgeStyle=orthogonalEdgeStyle;rounded=0;orthogonalLoop=1;jettySize=auto;html=1;exitX=1;exitY=0.75;exitDx=0;exitDy=0;entryX=0.5;entryY=1;entryDx=0;entryDy=0;" edge="1" parent="1" source="z3816eSXSqEiKnjXgaAU-6" target="z3816eSXSqEiKnjXgaAU-12">
          <mxGeometry relative="1" as="geometry" />
        </mxCell>
        <mxCell id="z3816eSXSqEiKnjXgaAU-6" value="&lt;div&gt;&lt;span style=&quot;background-color: initial;&quot;&gt;row&lt;/span&gt;&lt;/div&gt;" style="shape=parallelogram;perimeter=parallelogramPerimeter;whiteSpace=wrap;html=1;fixedSize=1;" vertex="1" parent="1">
          <mxGeometry x="660" y="220" width="90" height="41.56" as="geometry" />
        </mxCell>
        <mxCell id="z3816eSXSqEiKnjXgaAU-18" style="edgeStyle=orthogonalEdgeStyle;rounded=0;orthogonalLoop=1;jettySize=auto;html=1;exitX=1;exitY=0.5;exitDx=0;exitDy=0;" edge="1" parent="1" source="z3816eSXSqEiKnjXgaAU-8" target="z3816eSXSqEiKnjXgaAU-12">
          <mxGeometry relative="1" as="geometry" />
        </mxCell>
        <mxCell id="z3816eSXSqEiKnjXgaAU-8" value="x- row + 1" style="shape=parallelogram;perimeter=parallelogramPerimeter;whiteSpace=wrap;html=1;fixedSize=1;" vertex="1" parent="1">
          <mxGeometry x="660" y="340" width="90" height="43.75" as="geometry" />
        </mxCell>
        <mxCell id="z3816eSXSqEiKnjXgaAU-10" value="True" style="text;html=1;align=center;verticalAlign=middle;resizable=0;points=[];autosize=1;strokeColor=none;fillColor=none;" vertex="1" parent="1">
          <mxGeometry x="606" y="208.75" width="50" height="30" as="geometry" />
        </mxCell>
        <mxCell id="z3816eSXSqEiKnjXgaAU-11" value="True" style="text;html=1;align=center;verticalAlign=middle;resizable=0;points=[];autosize=1;strokeColor=none;fillColor=none;" vertex="1" parent="1">
          <mxGeometry x="625" y="338" width="50" height="30" as="geometry" />
        </mxCell>
        <mxCell id="z3816eSXSqEiKnjXgaAU-32" value="" style="edgeStyle=orthogonalEdgeStyle;rounded=0;orthogonalLoop=1;jettySize=auto;html=1;" edge="1" parent="1" source="z3816eSXSqEiKnjXgaAU-12" target="z3816eSXSqEiKnjXgaAU-31">
          <mxGeometry relative="1" as="geometry" />
        </mxCell>
        <mxCell id="z3816eSXSqEiKnjXgaAU-12" value="col++" style="rounded=1;whiteSpace=wrap;html=1;" vertex="1" parent="1">
          <mxGeometry x="760" y="54.21000000000001" width="67" height="30.01" as="geometry" />
        </mxCell>
        <mxCell id="z3816eSXSqEiKnjXgaAU-34" style="edgeStyle=orthogonalEdgeStyle;rounded=0;orthogonalLoop=1;jettySize=auto;html=1;exitX=0;exitY=0.25;exitDx=0;exitDy=0;entryX=0;entryY=0.5;entryDx=0;entryDy=0;" edge="1" parent="1" source="z3816eSXSqEiKnjXgaAU-31" target="Bed1ugxodQr21dAhCKkU-6">
          <mxGeometry relative="1" as="geometry" />
        </mxCell>
        <mxCell id="z3816eSXSqEiKnjXgaAU-31" value="row++" style="rounded=1;whiteSpace=wrap;html=1;" vertex="1" parent="1">
          <mxGeometry x="530" y="50" width="86.5" height="38.44" as="geometry" />
        </mxCell>
        <mxCell id="z3816eSXSqEiKnjXgaAU-35" value="True" style="text;html=1;align=center;verticalAlign=middle;resizable=0;points=[];autosize=1;strokeColor=none;fillColor=none;" vertex="1" parent="1">
          <mxGeometry x="65" y="138" width="50" height="30" as="geometry" />
        </mxCell>
        <mxCell id="z3816eSXSqEiKnjXgaAU-36" value="True" style="text;html=1;align=center;verticalAlign=middle;resizable=0;points=[];autosize=1;strokeColor=none;fillColor=none;" vertex="1" parent="1">
          <mxGeometry x="255" y="188" width="50" height="30" as="geometry" />
        </mxCell>
        <mxCell id="z3816eSXSqEiKnjXgaAU-37" value="True" style="text;html=1;align=center;verticalAlign=middle;resizable=0;points=[];autosize=1;strokeColor=none;fillColor=none;" vertex="1" parent="1">
          <mxGeometry x="470" y="218" width="50" height="30" as="geometry" />
        </mxCell>
        <mxCell id="z3816eSXSqEiKnjXgaAU-38" value="page 5" style="ellipse;whiteSpace=wrap;html=1;" vertex="1" parent="1">
          <mxGeometry x="395" y="330" width="70" height="65" as="geometry" />
        </mxCell>
        <mxCell id="z3816eSXSqEiKnjXgaAU-40" value="page 5" style="ellipse;whiteSpace=wrap;html=1;" vertex="1" parent="1">
          <mxGeometry x="384" y="131.88" width="60" height="58.75" as="geometry" />
        </mxCell>
        <mxCell id="z3816eSXSqEiKnjXgaAU-42" value="False" style="text;html=1;align=center;verticalAlign=middle;resizable=0;points=[];autosize=1;strokeColor=none;fillColor=none;" vertex="1" parent="1">
          <mxGeometry x="384" y="288" width="50" height="30" as="geometry" />
        </mxCell>
        <mxCell id="z3816eSXSqEiKnjXgaAU-43" value="False" style="text;html=1;align=center;verticalAlign=middle;resizable=0;points=[];autosize=1;strokeColor=none;fillColor=none;" vertex="1" parent="1">
          <mxGeometry x="330" y="136.25" width="50" height="30" as="geometry" />
        </mxCell>
        <mxCell id="z3816eSXSqEiKnjXgaAU-119" style="edgeStyle=orthogonalEdgeStyle;rounded=0;orthogonalLoop=1;jettySize=auto;html=1;exitX=1;exitY=0.5;exitDx=0;exitDy=0;entryX=0;entryY=0.5;entryDx=0;entryDy=0;" edge="1" parent="1" source="z3816eSXSqEiKnjXgaAU-44" target="z3816eSXSqEiKnjXgaAU-86">
          <mxGeometry relative="1" as="geometry" />
        </mxCell>
        <mxCell id="z3816eSXSqEiKnjXgaAU-44" value="row =1&amp;nbsp;" style="rounded=1;whiteSpace=wrap;html=1;" vertex="1" parent="1">
          <mxGeometry y="785.62" width="80" height="50.63" as="geometry" />
        </mxCell>
        <mxCell id="z3816eSXSqEiKnjXgaAU-47" value="False" style="text;html=1;align=center;verticalAlign=middle;resizable=0;points=[];autosize=1;strokeColor=none;fillColor=none;" vertex="1" parent="1">
          <mxGeometry y="492.5" width="50" height="30" as="geometry" />
        </mxCell>
        <mxCell id="z3816eSXSqEiKnjXgaAU-84" value="" style="edgeStyle=orthogonalEdgeStyle;rounded=0;orthogonalLoop=1;jettySize=auto;html=1;" edge="1" parent="1" source="z3816eSXSqEiKnjXgaAU-86" target="z3816eSXSqEiKnjXgaAU-89">
          <mxGeometry relative="1" as="geometry" />
        </mxCell>
        <mxCell id="z3816eSXSqEiKnjXgaAU-85" value="" style="edgeStyle=orthogonalEdgeStyle;rounded=0;orthogonalLoop=1;jettySize=auto;html=1;" edge="1" parent="1" source="z3816eSXSqEiKnjXgaAU-86" target="z3816eSXSqEiKnjXgaAU-116">
          <mxGeometry relative="1" as="geometry" />
        </mxCell>
        <mxCell id="z3816eSXSqEiKnjXgaAU-86" value="row &lt;= x" style="rhombus;whiteSpace=wrap;html=1;" vertex="1" parent="1">
          <mxGeometry x="247.5" y="786.25" width="75" height="50" as="geometry" />
        </mxCell>
        <mxCell id="z3816eSXSqEiKnjXgaAU-87" value="" style="edgeStyle=orthogonalEdgeStyle;rounded=0;orthogonalLoop=1;jettySize=auto;html=1;" edge="1" parent="1" source="z3816eSXSqEiKnjXgaAU-89" target="z3816eSXSqEiKnjXgaAU-92">
          <mxGeometry relative="1" as="geometry" />
        </mxCell>
        <mxCell id="z3816eSXSqEiKnjXgaAU-88" value="" style="edgeStyle=orthogonalEdgeStyle;rounded=0;orthogonalLoop=1;jettySize=auto;html=1;" edge="1" parent="1" source="z3816eSXSqEiKnjXgaAU-89" target="z3816eSXSqEiKnjXgaAU-92">
          <mxGeometry relative="1" as="geometry" />
        </mxCell>
        <mxCell id="z3816eSXSqEiKnjXgaAU-89" value="col = 1" style="rounded=1;whiteSpace=wrap;html=1;" vertex="1" parent="1">
          <mxGeometry x="245" y="876.25" width="80" height="30" as="geometry" />
        </mxCell>
        <mxCell id="z3816eSXSqEiKnjXgaAU-90" value="" style="edgeStyle=orthogonalEdgeStyle;rounded=0;orthogonalLoop=1;jettySize=auto;html=1;" edge="1" parent="1" source="z3816eSXSqEiKnjXgaAU-92" target="z3816eSXSqEiKnjXgaAU-95">
          <mxGeometry relative="1" as="geometry" />
        </mxCell>
        <mxCell id="z3816eSXSqEiKnjXgaAU-91" value="" style="edgeStyle=orthogonalEdgeStyle;rounded=0;orthogonalLoop=1;jettySize=auto;html=1;" edge="1" parent="1" source="z3816eSXSqEiKnjXgaAU-92" target="z3816eSXSqEiKnjXgaAU-115">
          <mxGeometry relative="1" as="geometry" />
        </mxCell>
        <mxCell id="z3816eSXSqEiKnjXgaAU-92" value="col &lt;= x" style="rhombus;whiteSpace=wrap;html=1;" vertex="1" parent="1">
          <mxGeometry x="380" y="851.25" width="80" height="80" as="geometry" />
        </mxCell>
        <mxCell id="z3816eSXSqEiKnjXgaAU-93" value="" style="edgeStyle=orthogonalEdgeStyle;rounded=0;orthogonalLoop=1;jettySize=auto;html=1;" edge="1" parent="1" source="z3816eSXSqEiKnjXgaAU-95" target="z3816eSXSqEiKnjXgaAU-98">
          <mxGeometry relative="1" as="geometry" />
        </mxCell>
        <mxCell id="z3816eSXSqEiKnjXgaAU-94" value="" style="edgeStyle=orthogonalEdgeStyle;rounded=0;orthogonalLoop=1;jettySize=auto;html=1;" edge="1" parent="1" source="z3816eSXSqEiKnjXgaAU-95" target="z3816eSXSqEiKnjXgaAU-104">
          <mxGeometry relative="1" as="geometry" />
        </mxCell>
        <mxCell id="z3816eSXSqEiKnjXgaAU-95" value="col == row" style="rhombus;whiteSpace=wrap;html=1;" vertex="1" parent="1">
          <mxGeometry x="520" y="851.25" width="76" height="80" as="geometry" />
        </mxCell>
        <mxCell id="z3816eSXSqEiKnjXgaAU-96" value="" style="edgeStyle=orthogonalEdgeStyle;rounded=0;orthogonalLoop=1;jettySize=auto;html=1;" edge="1" parent="1" source="z3816eSXSqEiKnjXgaAU-98" target="z3816eSXSqEiKnjXgaAU-100">
          <mxGeometry relative="1" as="geometry" />
        </mxCell>
        <mxCell id="z3816eSXSqEiKnjXgaAU-97" value="" style="edgeStyle=orthogonalEdgeStyle;rounded=0;orthogonalLoop=1;jettySize=auto;html=1;" edge="1" parent="1" source="z3816eSXSqEiKnjXgaAU-98" target="z3816eSXSqEiKnjXgaAU-106">
          <mxGeometry relative="1" as="geometry" />
        </mxCell>
        <mxCell id="z3816eSXSqEiKnjXgaAU-98" value="col == x - row + 1" style="rhombus;whiteSpace=wrap;html=1;" vertex="1" parent="1">
          <mxGeometry x="500" y="960" width="116" height="105" as="geometry" />
        </mxCell>
        <mxCell id="z3816eSXSqEiKnjXgaAU-99" style="edgeStyle=orthogonalEdgeStyle;rounded=0;orthogonalLoop=1;jettySize=auto;html=1;exitX=1;exitY=0.5;exitDx=0;exitDy=0;entryX=0.5;entryY=1;entryDx=0;entryDy=0;" edge="1" parent="1" source="z3816eSXSqEiKnjXgaAU-100" target="z3816eSXSqEiKnjXgaAU-110">
          <mxGeometry relative="1" as="geometry" />
        </mxCell>
        <mxCell id="z3816eSXSqEiKnjXgaAU-100" value="&quot; &quot;" style="shape=parallelogram;perimeter=parallelogramPerimeter;whiteSpace=wrap;html=1;fixedSize=1;" vertex="1" parent="1">
          <mxGeometry x="503" y="1110" width="112" height="50" as="geometry" />
        </mxCell>
        <mxCell id="z3816eSXSqEiKnjXgaAU-101" value="False" style="text;html=1;align=center;verticalAlign=middle;resizable=0;points=[];autosize=1;strokeColor=none;fillColor=none;" vertex="1" parent="1">
          <mxGeometry x="515" y="930" width="50" height="30" as="geometry" />
        </mxCell>
        <mxCell id="z3816eSXSqEiKnjXgaAU-102" value="False" style="text;html=1;align=center;verticalAlign=middle;resizable=0;points=[];autosize=1;strokeColor=none;fillColor=none;" vertex="1" parent="1">
          <mxGeometry x="515" y="1068" width="50" height="30" as="geometry" />
        </mxCell>
        <mxCell id="z3816eSXSqEiKnjXgaAU-103" style="edgeStyle=orthogonalEdgeStyle;rounded=0;orthogonalLoop=1;jettySize=auto;html=1;exitX=1;exitY=0.75;exitDx=0;exitDy=0;entryX=0.5;entryY=1;entryDx=0;entryDy=0;" edge="1" parent="1" source="z3816eSXSqEiKnjXgaAU-104" target="z3816eSXSqEiKnjXgaAU-110">
          <mxGeometry relative="1" as="geometry" />
        </mxCell>
        <mxCell id="z3816eSXSqEiKnjXgaAU-104" value="x - row + 1" style="shape=parallelogram;perimeter=parallelogramPerimeter;whiteSpace=wrap;html=1;fixedSize=1;" vertex="1" parent="1">
          <mxGeometry x="650" y="870" width="90" height="41.56" as="geometry" />
        </mxCell>
        <mxCell id="z3816eSXSqEiKnjXgaAU-105" style="edgeStyle=orthogonalEdgeStyle;rounded=0;orthogonalLoop=1;jettySize=auto;html=1;exitX=1;exitY=0.5;exitDx=0;exitDy=0;" edge="1" parent="1" source="z3816eSXSqEiKnjXgaAU-106" target="z3816eSXSqEiKnjXgaAU-110">
          <mxGeometry relative="1" as="geometry" />
        </mxCell>
        <mxCell id="z3816eSXSqEiKnjXgaAU-106" value="&amp;nbsp;row" style="shape=parallelogram;perimeter=parallelogramPerimeter;whiteSpace=wrap;html=1;fixedSize=1;" vertex="1" parent="1">
          <mxGeometry x="650" y="990" width="90" height="43.75" as="geometry" />
        </mxCell>
        <mxCell id="z3816eSXSqEiKnjXgaAU-107" value="True" style="text;html=1;align=center;verticalAlign=middle;resizable=0;points=[];autosize=1;strokeColor=none;fillColor=none;" vertex="1" parent="1">
          <mxGeometry x="596" y="858.75" width="50" height="30" as="geometry" />
        </mxCell>
        <mxCell id="z3816eSXSqEiKnjXgaAU-108" value="True" style="text;html=1;align=center;verticalAlign=middle;resizable=0;points=[];autosize=1;strokeColor=none;fillColor=none;" vertex="1" parent="1">
          <mxGeometry x="615" y="988" width="50" height="30" as="geometry" />
        </mxCell>
        <mxCell id="z3816eSXSqEiKnjXgaAU-109" value="" style="edgeStyle=orthogonalEdgeStyle;rounded=0;orthogonalLoop=1;jettySize=auto;html=1;" edge="1" parent="1" source="z3816eSXSqEiKnjXgaAU-110" target="z3816eSXSqEiKnjXgaAU-112">
          <mxGeometry relative="1" as="geometry" />
        </mxCell>
        <mxCell id="z3816eSXSqEiKnjXgaAU-110" value="col++" style="rounded=1;whiteSpace=wrap;html=1;" vertex="1" parent="1">
          <mxGeometry x="750" y="704.21" width="67" height="30.01" as="geometry" />
        </mxCell>
        <mxCell id="z3816eSXSqEiKnjXgaAU-111" style="edgeStyle=orthogonalEdgeStyle;rounded=0;orthogonalLoop=1;jettySize=auto;html=1;exitX=0;exitY=0.25;exitDx=0;exitDy=0;entryX=0;entryY=0.5;entryDx=0;entryDy=0;" edge="1" parent="1" source="z3816eSXSqEiKnjXgaAU-112" target="z3816eSXSqEiKnjXgaAU-86">
          <mxGeometry relative="1" as="geometry" />
        </mxCell>
        <mxCell id="z3816eSXSqEiKnjXgaAU-112" value="row++" style="rounded=1;whiteSpace=wrap;html=1;" vertex="1" parent="1">
          <mxGeometry x="520" y="700" width="86.5" height="38.44" as="geometry" />
        </mxCell>
        <mxCell id="z3816eSXSqEiKnjXgaAU-113" value="True" style="text;html=1;align=center;verticalAlign=middle;resizable=0;points=[];autosize=1;strokeColor=none;fillColor=none;" vertex="1" parent="1">
          <mxGeometry x="245" y="838" width="50" height="30" as="geometry" />
        </mxCell>
        <mxCell id="z3816eSXSqEiKnjXgaAU-114" value="True" style="text;html=1;align=center;verticalAlign=middle;resizable=0;points=[];autosize=1;strokeColor=none;fillColor=none;" vertex="1" parent="1">
          <mxGeometry x="460" y="868" width="50" height="30" as="geometry" />
        </mxCell>
        <mxCell id="z3816eSXSqEiKnjXgaAU-115" value="page 5" style="ellipse;whiteSpace=wrap;html=1;" vertex="1" parent="1">
          <mxGeometry x="385" y="980" width="70" height="65" as="geometry" />
        </mxCell>
        <mxCell id="z3816eSXSqEiKnjXgaAU-116" value="page 5" style="ellipse;whiteSpace=wrap;html=1;" vertex="1" parent="1">
          <mxGeometry x="374" y="781.88" width="60" height="58.75" as="geometry" />
        </mxCell>
        <mxCell id="z3816eSXSqEiKnjXgaAU-117" value="False" style="text;html=1;align=center;verticalAlign=middle;resizable=0;points=[];autosize=1;strokeColor=none;fillColor=none;" vertex="1" parent="1">
          <mxGeometry x="374" y="938" width="50" height="30" as="geometry" />
        </mxCell>
        <mxCell id="z3816eSXSqEiKnjXgaAU-118" value="False" style="text;html=1;align=center;verticalAlign=middle;resizable=0;points=[];autosize=1;strokeColor=none;fillColor=none;" vertex="1" parent="1">
          <mxGeometry x="320" y="786.25" width="50" height="30" as="geometry" />
        </mxCell>
      </root>
    </mxGraphModel>
  </diagram>
  <diagram id="okwAUTvNQN1gUK770VwE" name="Page-3">
    <mxGraphModel dx="1050" dy="541" grid="1" gridSize="10" guides="1" tooltips="1" connect="1" arrows="1" fold="1" page="1" pageScale="1" pageWidth="827" pageHeight="1169" math="0" shadow="0">
      <root>
        <mxCell id="0" />
        <mxCell id="1" parent="0" />
        <mxCell id="fMalmN7mtKr2n6tI5Ir4-1" value="" style="edgeStyle=orthogonalEdgeStyle;rounded=0;orthogonalLoop=1;jettySize=auto;html=1;" edge="1" parent="1" source="fMalmN7mtKr2n6tI5Ir4-3" target="fMalmN7mtKr2n6tI5Ir4-5">
          <mxGeometry relative="1" as="geometry" />
        </mxCell>
        <mxCell id="fMalmN7mtKr2n6tI5Ir4-2" value="" style="edgeStyle=orthogonalEdgeStyle;rounded=0;orthogonalLoop=1;jettySize=auto;html=1;" edge="1" parent="1" source="fMalmN7mtKr2n6tI5Ir4-3" target="fMalmN7mtKr2n6tI5Ir4-45">
          <mxGeometry relative="1" as="geometry" />
        </mxCell>
        <mxCell id="fMalmN7mtKr2n6tI5Ir4-3" value="x % 2 == 0" style="rhombus;whiteSpace=wrap;html=1;" vertex="1" parent="1">
          <mxGeometry y="121.25" width="80" height="80" as="geometry" />
        </mxCell>
        <mxCell id="fMalmN7mtKr2n6tI5Ir4-4" style="edgeStyle=orthogonalEdgeStyle;rounded=0;orthogonalLoop=1;jettySize=auto;html=1;exitX=1;exitY=0.5;exitDx=0;exitDy=0;entryX=0;entryY=0.5;entryDx=0;entryDy=0;" edge="1" parent="1" source="fMalmN7mtKr2n6tI5Ir4-5" target="fMalmN7mtKr2n6tI5Ir4-8">
          <mxGeometry relative="1" as="geometry" />
        </mxCell>
        <mxCell id="fMalmN7mtKr2n6tI5Ir4-5" value="row = 1" style="rounded=1;whiteSpace=wrap;html=1;" vertex="1" parent="1">
          <mxGeometry x="110" y="142.5" width="90" height="37.5" as="geometry" />
        </mxCell>
        <mxCell id="fMalmN7mtKr2n6tI5Ir4-6" value="" style="edgeStyle=orthogonalEdgeStyle;rounded=0;orthogonalLoop=1;jettySize=auto;html=1;" edge="1" parent="1" source="fMalmN7mtKr2n6tI5Ir4-8" target="fMalmN7mtKr2n6tI5Ir4-11">
          <mxGeometry relative="1" as="geometry" />
        </mxCell>
        <mxCell id="fMalmN7mtKr2n6tI5Ir4-7" value="" style="edgeStyle=orthogonalEdgeStyle;rounded=0;orthogonalLoop=1;jettySize=auto;html=1;" edge="1" parent="1" source="fMalmN7mtKr2n6tI5Ir4-8" target="fMalmN7mtKr2n6tI5Ir4-41">
          <mxGeometry relative="1" as="geometry" />
        </mxCell>
        <mxCell id="fMalmN7mtKr2n6tI5Ir4-8" value="row &lt;= x" style="rhombus;whiteSpace=wrap;html=1;" vertex="1" parent="1">
          <mxGeometry x="257.5" y="136.25" width="75" height="50" as="geometry" />
        </mxCell>
        <mxCell id="fMalmN7mtKr2n6tI5Ir4-9" value="" style="edgeStyle=orthogonalEdgeStyle;rounded=0;orthogonalLoop=1;jettySize=auto;html=1;" edge="1" parent="1" source="fMalmN7mtKr2n6tI5Ir4-11" target="fMalmN7mtKr2n6tI5Ir4-14">
          <mxGeometry relative="1" as="geometry" />
        </mxCell>
        <mxCell id="fMalmN7mtKr2n6tI5Ir4-10" value="" style="edgeStyle=orthogonalEdgeStyle;rounded=0;orthogonalLoop=1;jettySize=auto;html=1;" edge="1" parent="1" source="fMalmN7mtKr2n6tI5Ir4-11" target="fMalmN7mtKr2n6tI5Ir4-14">
          <mxGeometry relative="1" as="geometry" />
        </mxCell>
        <mxCell id="fMalmN7mtKr2n6tI5Ir4-11" value="col = 1" style="rounded=1;whiteSpace=wrap;html=1;" vertex="1" parent="1">
          <mxGeometry x="255" y="226.25" width="80" height="30" as="geometry" />
        </mxCell>
        <mxCell id="fMalmN7mtKr2n6tI5Ir4-12" value="" style="edgeStyle=orthogonalEdgeStyle;rounded=0;orthogonalLoop=1;jettySize=auto;html=1;" edge="1" parent="1" source="fMalmN7mtKr2n6tI5Ir4-14" target="fMalmN7mtKr2n6tI5Ir4-17">
          <mxGeometry relative="1" as="geometry" />
        </mxCell>
        <mxCell id="fMalmN7mtKr2n6tI5Ir4-13" value="" style="edgeStyle=orthogonalEdgeStyle;rounded=0;orthogonalLoop=1;jettySize=auto;html=1;" edge="1" parent="1" source="fMalmN7mtKr2n6tI5Ir4-14" target="fMalmN7mtKr2n6tI5Ir4-40">
          <mxGeometry relative="1" as="geometry" />
        </mxCell>
        <mxCell id="fMalmN7mtKr2n6tI5Ir4-14" value="col &lt;= x" style="rhombus;whiteSpace=wrap;html=1;" vertex="1" parent="1">
          <mxGeometry x="390" y="201.25" width="80" height="80" as="geometry" />
        </mxCell>
        <mxCell id="fMalmN7mtKr2n6tI5Ir4-15" value="" style="edgeStyle=orthogonalEdgeStyle;rounded=0;orthogonalLoop=1;jettySize=auto;html=1;entryX=0.5;entryY=0;entryDx=0;entryDy=0;" edge="1" parent="1" source="fMalmN7mtKr2n6tI5Ir4-17" target="fMalmN7mtKr2n6tI5Ir4-24">
          <mxGeometry relative="1" as="geometry">
            <mxPoint x="568" y="310" as="targetPoint" />
          </mxGeometry>
        </mxCell>
        <mxCell id="fMalmN7mtKr2n6tI5Ir4-16" value="" style="edgeStyle=orthogonalEdgeStyle;rounded=0;orthogonalLoop=1;jettySize=auto;html=1;" edge="1" parent="1" source="fMalmN7mtKr2n6tI5Ir4-17" target="fMalmN7mtKr2n6tI5Ir4-28">
          <mxGeometry relative="1" as="geometry" />
        </mxCell>
        <mxCell id="fMalmN7mtKr2n6tI5Ir4-17" value="col == row" style="rhombus;whiteSpace=wrap;html=1;" vertex="1" parent="1">
          <mxGeometry x="530" y="201.25" width="76" height="80" as="geometry" />
        </mxCell>
        <mxCell id="fMalmN7mtKr2n6tI5Ir4-21" style="edgeStyle=orthogonalEdgeStyle;rounded=0;orthogonalLoop=1;jettySize=auto;html=1;exitX=0.5;exitY=1;exitDx=0;exitDy=0;entryX=0.5;entryY=0;entryDx=0;entryDy=0;" edge="1" parent="1" source="fMalmN7mtKr2n6tI5Ir4-22" target="fMalmN7mtKr2n6tI5Ir4-3">
          <mxGeometry relative="1" as="geometry" />
        </mxCell>
        <mxCell id="fMalmN7mtKr2n6tI5Ir4-22" value="page 3" style="ellipse;whiteSpace=wrap;html=1;" vertex="1" parent="1">
          <mxGeometry x="10" y="10" width="60" height="60" as="geometry" />
        </mxCell>
        <mxCell id="fMalmN7mtKr2n6tI5Ir4-83" style="edgeStyle=orthogonalEdgeStyle;rounded=0;orthogonalLoop=1;jettySize=auto;html=1;exitX=1;exitY=0.5;exitDx=0;exitDy=0;entryX=0.5;entryY=1;entryDx=0;entryDy=0;" edge="1" parent="1" source="fMalmN7mtKr2n6tI5Ir4-24" target="fMalmN7mtKr2n6tI5Ir4-34">
          <mxGeometry relative="1" as="geometry" />
        </mxCell>
        <mxCell id="fMalmN7mtKr2n6tI5Ir4-24" value="&quot; &quot;" style="shape=parallelogram;perimeter=parallelogramPerimeter;whiteSpace=wrap;html=1;fixedSize=1;" vertex="1" parent="1">
          <mxGeometry x="516.5" y="337.5" width="103" height="50" as="geometry" />
        </mxCell>
        <mxCell id="fMalmN7mtKr2n6tI5Ir4-25" value="False" style="text;html=1;align=center;verticalAlign=middle;resizable=0;points=[];autosize=1;strokeColor=none;fillColor=none;" vertex="1" parent="1">
          <mxGeometry x="530" y="290" width="50" height="30" as="geometry" />
        </mxCell>
        <mxCell id="fMalmN7mtKr2n6tI5Ir4-27" style="edgeStyle=orthogonalEdgeStyle;rounded=0;orthogonalLoop=1;jettySize=auto;html=1;exitX=1;exitY=0.75;exitDx=0;exitDy=0;entryX=0.5;entryY=1;entryDx=0;entryDy=0;" edge="1" parent="1" source="fMalmN7mtKr2n6tI5Ir4-28" target="fMalmN7mtKr2n6tI5Ir4-34">
          <mxGeometry relative="1" as="geometry" />
        </mxCell>
        <mxCell id="fMalmN7mtKr2n6tI5Ir4-28" value="&lt;div&gt;&lt;span style=&quot;background-color: initial;&quot;&gt;row&lt;/span&gt;&lt;/div&gt;" style="shape=parallelogram;perimeter=parallelogramPerimeter;whiteSpace=wrap;html=1;fixedSize=1;" vertex="1" parent="1">
          <mxGeometry x="660" y="220" width="90" height="41.56" as="geometry" />
        </mxCell>
        <mxCell id="fMalmN7mtKr2n6tI5Ir4-31" value="True" style="text;html=1;align=center;verticalAlign=middle;resizable=0;points=[];autosize=1;strokeColor=none;fillColor=none;" vertex="1" parent="1">
          <mxGeometry x="606" y="208.75" width="50" height="30" as="geometry" />
        </mxCell>
        <mxCell id="fMalmN7mtKr2n6tI5Ir4-33" value="" style="edgeStyle=orthogonalEdgeStyle;rounded=0;orthogonalLoop=1;jettySize=auto;html=1;" edge="1" parent="1" source="fMalmN7mtKr2n6tI5Ir4-34" target="fMalmN7mtKr2n6tI5Ir4-36">
          <mxGeometry relative="1" as="geometry" />
        </mxCell>
        <mxCell id="fMalmN7mtKr2n6tI5Ir4-34" value="col++" style="rounded=1;whiteSpace=wrap;html=1;" vertex="1" parent="1">
          <mxGeometry x="760" y="54.21000000000001" width="67" height="30.01" as="geometry" />
        </mxCell>
        <mxCell id="fMalmN7mtKr2n6tI5Ir4-35" style="edgeStyle=orthogonalEdgeStyle;rounded=0;orthogonalLoop=1;jettySize=auto;html=1;exitX=0;exitY=0.25;exitDx=0;exitDy=0;entryX=0;entryY=0.5;entryDx=0;entryDy=0;" edge="1" parent="1" source="fMalmN7mtKr2n6tI5Ir4-36" target="fMalmN7mtKr2n6tI5Ir4-8">
          <mxGeometry relative="1" as="geometry" />
        </mxCell>
        <mxCell id="fMalmN7mtKr2n6tI5Ir4-36" value="row++" style="rounded=1;whiteSpace=wrap;html=1;" vertex="1" parent="1">
          <mxGeometry x="530" y="50" width="86.5" height="38.44" as="geometry" />
        </mxCell>
        <mxCell id="fMalmN7mtKr2n6tI5Ir4-37" value="True" style="text;html=1;align=center;verticalAlign=middle;resizable=0;points=[];autosize=1;strokeColor=none;fillColor=none;" vertex="1" parent="1">
          <mxGeometry x="65" y="138" width="50" height="30" as="geometry" />
        </mxCell>
        <mxCell id="fMalmN7mtKr2n6tI5Ir4-38" value="True" style="text;html=1;align=center;verticalAlign=middle;resizable=0;points=[];autosize=1;strokeColor=none;fillColor=none;" vertex="1" parent="1">
          <mxGeometry x="255" y="188" width="50" height="30" as="geometry" />
        </mxCell>
        <mxCell id="fMalmN7mtKr2n6tI5Ir4-39" value="True" style="text;html=1;align=center;verticalAlign=middle;resizable=0;points=[];autosize=1;strokeColor=none;fillColor=none;" vertex="1" parent="1">
          <mxGeometry x="470" y="218" width="50" height="30" as="geometry" />
        </mxCell>
        <mxCell id="fMalmN7mtKr2n6tI5Ir4-40" value="page 5" style="ellipse;whiteSpace=wrap;html=1;" vertex="1" parent="1">
          <mxGeometry x="395" y="330" width="70" height="65" as="geometry" />
        </mxCell>
        <mxCell id="fMalmN7mtKr2n6tI5Ir4-41" value="page 5" style="ellipse;whiteSpace=wrap;html=1;" vertex="1" parent="1">
          <mxGeometry x="384" y="131.88" width="60" height="58.75" as="geometry" />
        </mxCell>
        <mxCell id="fMalmN7mtKr2n6tI5Ir4-42" value="False" style="text;html=1;align=center;verticalAlign=middle;resizable=0;points=[];autosize=1;strokeColor=none;fillColor=none;" vertex="1" parent="1">
          <mxGeometry x="384" y="288" width="50" height="30" as="geometry" />
        </mxCell>
        <mxCell id="fMalmN7mtKr2n6tI5Ir4-43" value="False" style="text;html=1;align=center;verticalAlign=middle;resizable=0;points=[];autosize=1;strokeColor=none;fillColor=none;" vertex="1" parent="1">
          <mxGeometry x="330" y="136.25" width="50" height="30" as="geometry" />
        </mxCell>
        <mxCell id="fMalmN7mtKr2n6tI5Ir4-44" style="edgeStyle=orthogonalEdgeStyle;rounded=0;orthogonalLoop=1;jettySize=auto;html=1;exitX=1;exitY=0.5;exitDx=0;exitDy=0;entryX=0;entryY=0.5;entryDx=0;entryDy=0;" edge="1" parent="1" source="fMalmN7mtKr2n6tI5Ir4-45" target="fMalmN7mtKr2n6tI5Ir4-49">
          <mxGeometry relative="1" as="geometry" />
        </mxCell>
        <mxCell id="fMalmN7mtKr2n6tI5Ir4-45" value="row =1&amp;nbsp;" style="rounded=1;whiteSpace=wrap;html=1;" vertex="1" parent="1">
          <mxGeometry y="785.62" width="80" height="50.63" as="geometry" />
        </mxCell>
        <mxCell id="fMalmN7mtKr2n6tI5Ir4-46" value="False" style="text;html=1;align=center;verticalAlign=middle;resizable=0;points=[];autosize=1;strokeColor=none;fillColor=none;" vertex="1" parent="1">
          <mxGeometry y="492.5" width="50" height="30" as="geometry" />
        </mxCell>
        <mxCell id="fMalmN7mtKr2n6tI5Ir4-47" value="" style="edgeStyle=orthogonalEdgeStyle;rounded=0;orthogonalLoop=1;jettySize=auto;html=1;" edge="1" parent="1" source="fMalmN7mtKr2n6tI5Ir4-49" target="fMalmN7mtKr2n6tI5Ir4-52">
          <mxGeometry relative="1" as="geometry" />
        </mxCell>
        <mxCell id="fMalmN7mtKr2n6tI5Ir4-48" value="" style="edgeStyle=orthogonalEdgeStyle;rounded=0;orthogonalLoop=1;jettySize=auto;html=1;" edge="1" parent="1" source="fMalmN7mtKr2n6tI5Ir4-49" target="fMalmN7mtKr2n6tI5Ir4-79">
          <mxGeometry relative="1" as="geometry" />
        </mxCell>
        <mxCell id="fMalmN7mtKr2n6tI5Ir4-49" value="row &lt;= x" style="rhombus;whiteSpace=wrap;html=1;" vertex="1" parent="1">
          <mxGeometry x="247.5" y="786.25" width="75" height="50" as="geometry" />
        </mxCell>
        <mxCell id="fMalmN7mtKr2n6tI5Ir4-50" value="" style="edgeStyle=orthogonalEdgeStyle;rounded=0;orthogonalLoop=1;jettySize=auto;html=1;" edge="1" parent="1" source="fMalmN7mtKr2n6tI5Ir4-52" target="fMalmN7mtKr2n6tI5Ir4-55">
          <mxGeometry relative="1" as="geometry" />
        </mxCell>
        <mxCell id="fMalmN7mtKr2n6tI5Ir4-51" value="" style="edgeStyle=orthogonalEdgeStyle;rounded=0;orthogonalLoop=1;jettySize=auto;html=1;" edge="1" parent="1" source="fMalmN7mtKr2n6tI5Ir4-52" target="fMalmN7mtKr2n6tI5Ir4-55">
          <mxGeometry relative="1" as="geometry" />
        </mxCell>
        <mxCell id="fMalmN7mtKr2n6tI5Ir4-52" value="col = 1" style="rounded=1;whiteSpace=wrap;html=1;" vertex="1" parent="1">
          <mxGeometry x="245" y="876.25" width="80" height="30" as="geometry" />
        </mxCell>
        <mxCell id="fMalmN7mtKr2n6tI5Ir4-53" value="" style="edgeStyle=orthogonalEdgeStyle;rounded=0;orthogonalLoop=1;jettySize=auto;html=1;" edge="1" parent="1" source="fMalmN7mtKr2n6tI5Ir4-55" target="fMalmN7mtKr2n6tI5Ir4-58">
          <mxGeometry relative="1" as="geometry" />
        </mxCell>
        <mxCell id="fMalmN7mtKr2n6tI5Ir4-54" value="" style="edgeStyle=orthogonalEdgeStyle;rounded=0;orthogonalLoop=1;jettySize=auto;html=1;" edge="1" parent="1" source="fMalmN7mtKr2n6tI5Ir4-55" target="fMalmN7mtKr2n6tI5Ir4-78">
          <mxGeometry relative="1" as="geometry" />
        </mxCell>
        <mxCell id="fMalmN7mtKr2n6tI5Ir4-55" value="col &lt;= x" style="rhombus;whiteSpace=wrap;html=1;" vertex="1" parent="1">
          <mxGeometry x="380" y="851.25" width="80" height="80" as="geometry" />
        </mxCell>
        <mxCell id="fMalmN7mtKr2n6tI5Ir4-56" value="" style="edgeStyle=orthogonalEdgeStyle;rounded=0;orthogonalLoop=1;jettySize=auto;html=1;entryX=0.5;entryY=0;entryDx=0;entryDy=0;" edge="1" parent="1" source="fMalmN7mtKr2n6tI5Ir4-58" target="fMalmN7mtKr2n6tI5Ir4-63">
          <mxGeometry relative="1" as="geometry">
            <mxPoint x="558" y="960" as="targetPoint" />
          </mxGeometry>
        </mxCell>
        <mxCell id="fMalmN7mtKr2n6tI5Ir4-57" value="" style="edgeStyle=orthogonalEdgeStyle;rounded=0;orthogonalLoop=1;jettySize=auto;html=1;" edge="1" parent="1" source="fMalmN7mtKr2n6tI5Ir4-58" target="fMalmN7mtKr2n6tI5Ir4-67">
          <mxGeometry relative="1" as="geometry" />
        </mxCell>
        <mxCell id="fMalmN7mtKr2n6tI5Ir4-58" value="col == row" style="rhombus;whiteSpace=wrap;html=1;" vertex="1" parent="1">
          <mxGeometry x="520" y="851.25" width="76" height="80" as="geometry" />
        </mxCell>
        <mxCell id="fMalmN7mtKr2n6tI5Ir4-84" style="edgeStyle=orthogonalEdgeStyle;rounded=0;orthogonalLoop=1;jettySize=auto;html=1;exitX=1;exitY=0.5;exitDx=0;exitDy=0;entryX=0.5;entryY=1;entryDx=0;entryDy=0;" edge="1" parent="1" source="fMalmN7mtKr2n6tI5Ir4-63" target="fMalmN7mtKr2n6tI5Ir4-73">
          <mxGeometry relative="1" as="geometry" />
        </mxCell>
        <mxCell id="fMalmN7mtKr2n6tI5Ir4-63" value="&quot; &quot;" style="shape=parallelogram;perimeter=parallelogramPerimeter;whiteSpace=wrap;html=1;fixedSize=1;" vertex="1" parent="1">
          <mxGeometry x="504.75" y="990.63" width="106.5" height="43.75" as="geometry" />
        </mxCell>
        <mxCell id="fMalmN7mtKr2n6tI5Ir4-64" value="False" style="text;html=1;align=center;verticalAlign=middle;resizable=0;points=[];autosize=1;strokeColor=none;fillColor=none;" vertex="1" parent="1">
          <mxGeometry x="516.5" y="950" width="50" height="30" as="geometry" />
        </mxCell>
        <mxCell id="fMalmN7mtKr2n6tI5Ir4-66" style="edgeStyle=orthogonalEdgeStyle;rounded=0;orthogonalLoop=1;jettySize=auto;html=1;exitX=1;exitY=0.75;exitDx=0;exitDy=0;entryX=0.5;entryY=1;entryDx=0;entryDy=0;" edge="1" parent="1" source="fMalmN7mtKr2n6tI5Ir4-67" target="fMalmN7mtKr2n6tI5Ir4-73">
          <mxGeometry relative="1" as="geometry" />
        </mxCell>
        <mxCell id="fMalmN7mtKr2n6tI5Ir4-67" value="x - row + 1" style="shape=parallelogram;perimeter=parallelogramPerimeter;whiteSpace=wrap;html=1;fixedSize=1;" vertex="1" parent="1">
          <mxGeometry x="650" y="870" width="90" height="41.56" as="geometry" />
        </mxCell>
        <mxCell id="fMalmN7mtKr2n6tI5Ir4-70" value="True" style="text;html=1;align=center;verticalAlign=middle;resizable=0;points=[];autosize=1;strokeColor=none;fillColor=none;" vertex="1" parent="1">
          <mxGeometry x="596" y="858.75" width="50" height="30" as="geometry" />
        </mxCell>
        <mxCell id="fMalmN7mtKr2n6tI5Ir4-72" value="" style="edgeStyle=orthogonalEdgeStyle;rounded=0;orthogonalLoop=1;jettySize=auto;html=1;" edge="1" parent="1" source="fMalmN7mtKr2n6tI5Ir4-73" target="fMalmN7mtKr2n6tI5Ir4-75">
          <mxGeometry relative="1" as="geometry" />
        </mxCell>
        <mxCell id="fMalmN7mtKr2n6tI5Ir4-73" value="col++" style="rounded=1;whiteSpace=wrap;html=1;" vertex="1" parent="1">
          <mxGeometry x="750" y="704.21" width="67" height="30.01" as="geometry" />
        </mxCell>
        <mxCell id="fMalmN7mtKr2n6tI5Ir4-74" style="edgeStyle=orthogonalEdgeStyle;rounded=0;orthogonalLoop=1;jettySize=auto;html=1;exitX=0;exitY=0.25;exitDx=0;exitDy=0;entryX=0;entryY=0.5;entryDx=0;entryDy=0;" edge="1" parent="1" source="fMalmN7mtKr2n6tI5Ir4-75" target="fMalmN7mtKr2n6tI5Ir4-49">
          <mxGeometry relative="1" as="geometry" />
        </mxCell>
        <mxCell id="fMalmN7mtKr2n6tI5Ir4-75" value="row++" style="rounded=1;whiteSpace=wrap;html=1;" vertex="1" parent="1">
          <mxGeometry x="520" y="700" width="86.5" height="38.44" as="geometry" />
        </mxCell>
        <mxCell id="fMalmN7mtKr2n6tI5Ir4-76" value="True" style="text;html=1;align=center;verticalAlign=middle;resizable=0;points=[];autosize=1;strokeColor=none;fillColor=none;" vertex="1" parent="1">
          <mxGeometry x="245" y="838" width="50" height="30" as="geometry" />
        </mxCell>
        <mxCell id="fMalmN7mtKr2n6tI5Ir4-77" value="True" style="text;html=1;align=center;verticalAlign=middle;resizable=0;points=[];autosize=1;strokeColor=none;fillColor=none;" vertex="1" parent="1">
          <mxGeometry x="460" y="868" width="50" height="30" as="geometry" />
        </mxCell>
        <mxCell id="fMalmN7mtKr2n6tI5Ir4-78" value="page 5" style="ellipse;whiteSpace=wrap;html=1;" vertex="1" parent="1">
          <mxGeometry x="385" y="980" width="70" height="65" as="geometry" />
        </mxCell>
        <mxCell id="fMalmN7mtKr2n6tI5Ir4-79" value="page 5" style="ellipse;whiteSpace=wrap;html=1;" vertex="1" parent="1">
          <mxGeometry x="374" y="781.88" width="60" height="58.75" as="geometry" />
        </mxCell>
        <mxCell id="fMalmN7mtKr2n6tI5Ir4-80" value="False" style="text;html=1;align=center;verticalAlign=middle;resizable=0;points=[];autosize=1;strokeColor=none;fillColor=none;" vertex="1" parent="1">
          <mxGeometry x="374" y="938" width="50" height="30" as="geometry" />
        </mxCell>
        <mxCell id="fMalmN7mtKr2n6tI5Ir4-81" value="False" style="text;html=1;align=center;verticalAlign=middle;resizable=0;points=[];autosize=1;strokeColor=none;fillColor=none;" vertex="1" parent="1">
          <mxGeometry x="320" y="786.25" width="50" height="30" as="geometry" />
        </mxCell>
      </root>
    </mxGraphModel>
  </diagram>
  <diagram id="mg4HGduj3qxdGX6pAduH" name="Page-4">
    <mxGraphModel dx="1615" dy="832" grid="1" gridSize="10" guides="1" tooltips="1" connect="1" arrows="1" fold="1" page="1" pageScale="1" pageWidth="827" pageHeight="1169" math="0" shadow="0">
      <root>
        <mxCell id="0" />
        <mxCell id="1" parent="0" />
        <mxCell id="NDZJT8UYqZeGKJs3c_ch-1" value="" style="edgeStyle=orthogonalEdgeStyle;rounded=0;orthogonalLoop=1;jettySize=auto;html=1;" edge="1" parent="1" source="NDZJT8UYqZeGKJs3c_ch-3" target="NDZJT8UYqZeGKJs3c_ch-5">
          <mxGeometry relative="1" as="geometry" />
        </mxCell>
        <mxCell id="NDZJT8UYqZeGKJs3c_ch-2" value="" style="edgeStyle=orthogonalEdgeStyle;rounded=0;orthogonalLoop=1;jettySize=auto;html=1;" edge="1" parent="1" source="NDZJT8UYqZeGKJs3c_ch-3" target="NDZJT8UYqZeGKJs3c_ch-38">
          <mxGeometry relative="1" as="geometry" />
        </mxCell>
        <mxCell id="NDZJT8UYqZeGKJs3c_ch-3" value="x % 2 == 0" style="rhombus;whiteSpace=wrap;html=1;" vertex="1" parent="1">
          <mxGeometry y="121.25" width="80" height="80" as="geometry" />
        </mxCell>
        <mxCell id="NDZJT8UYqZeGKJs3c_ch-4" style="edgeStyle=orthogonalEdgeStyle;rounded=0;orthogonalLoop=1;jettySize=auto;html=1;exitX=1;exitY=0.5;exitDx=0;exitDy=0;entryX=0;entryY=0.5;entryDx=0;entryDy=0;" edge="1" parent="1" source="NDZJT8UYqZeGKJs3c_ch-5" target="NDZJT8UYqZeGKJs3c_ch-8">
          <mxGeometry relative="1" as="geometry" />
        </mxCell>
        <mxCell id="NDZJT8UYqZeGKJs3c_ch-5" value="row = 1" style="rounded=1;whiteSpace=wrap;html=1;" vertex="1" parent="1">
          <mxGeometry x="110" y="142.5" width="90" height="37.5" as="geometry" />
        </mxCell>
        <mxCell id="NDZJT8UYqZeGKJs3c_ch-6" value="" style="edgeStyle=orthogonalEdgeStyle;rounded=0;orthogonalLoop=1;jettySize=auto;html=1;" edge="1" parent="1" source="NDZJT8UYqZeGKJs3c_ch-8" target="NDZJT8UYqZeGKJs3c_ch-11">
          <mxGeometry relative="1" as="geometry" />
        </mxCell>
        <mxCell id="NDZJT8UYqZeGKJs3c_ch-7" value="" style="edgeStyle=orthogonalEdgeStyle;rounded=0;orthogonalLoop=1;jettySize=auto;html=1;" edge="1" parent="1" source="NDZJT8UYqZeGKJs3c_ch-8" target="NDZJT8UYqZeGKJs3c_ch-34">
          <mxGeometry relative="1" as="geometry" />
        </mxCell>
        <mxCell id="NDZJT8UYqZeGKJs3c_ch-8" value="row &lt;= x" style="rhombus;whiteSpace=wrap;html=1;" vertex="1" parent="1">
          <mxGeometry x="257.5" y="136.25" width="75" height="50" as="geometry" />
        </mxCell>
        <mxCell id="NDZJT8UYqZeGKJs3c_ch-9" value="" style="edgeStyle=orthogonalEdgeStyle;rounded=0;orthogonalLoop=1;jettySize=auto;html=1;" edge="1" parent="1" source="NDZJT8UYqZeGKJs3c_ch-11" target="NDZJT8UYqZeGKJs3c_ch-14">
          <mxGeometry relative="1" as="geometry" />
        </mxCell>
        <mxCell id="NDZJT8UYqZeGKJs3c_ch-10" value="" style="edgeStyle=orthogonalEdgeStyle;rounded=0;orthogonalLoop=1;jettySize=auto;html=1;" edge="1" parent="1" source="NDZJT8UYqZeGKJs3c_ch-11" target="NDZJT8UYqZeGKJs3c_ch-14">
          <mxGeometry relative="1" as="geometry" />
        </mxCell>
        <mxCell id="NDZJT8UYqZeGKJs3c_ch-11" value="col = 1" style="rounded=1;whiteSpace=wrap;html=1;" vertex="1" parent="1">
          <mxGeometry x="255" y="226.25" width="80" height="30" as="geometry" />
        </mxCell>
        <mxCell id="NDZJT8UYqZeGKJs3c_ch-12" value="" style="edgeStyle=orthogonalEdgeStyle;rounded=0;orthogonalLoop=1;jettySize=auto;html=1;" edge="1" parent="1" source="NDZJT8UYqZeGKJs3c_ch-14" target="NDZJT8UYqZeGKJs3c_ch-17">
          <mxGeometry relative="1" as="geometry" />
        </mxCell>
        <mxCell id="NDZJT8UYqZeGKJs3c_ch-13" value="" style="edgeStyle=orthogonalEdgeStyle;rounded=0;orthogonalLoop=1;jettySize=auto;html=1;" edge="1" parent="1" source="NDZJT8UYqZeGKJs3c_ch-14" target="NDZJT8UYqZeGKJs3c_ch-33">
          <mxGeometry relative="1" as="geometry" />
        </mxCell>
        <mxCell id="NDZJT8UYqZeGKJs3c_ch-14" value="col &lt;= x" style="rhombus;whiteSpace=wrap;html=1;" vertex="1" parent="1">
          <mxGeometry x="390" y="201.25" width="80" height="80" as="geometry" />
        </mxCell>
        <mxCell id="NDZJT8UYqZeGKJs3c_ch-15" value="" style="edgeStyle=orthogonalEdgeStyle;rounded=0;orthogonalLoop=1;jettySize=auto;html=1;entryX=0.5;entryY=0;entryDx=0;entryDy=0;" edge="1" parent="1" source="NDZJT8UYqZeGKJs3c_ch-17" target="NDZJT8UYqZeGKJs3c_ch-21">
          <mxGeometry relative="1" as="geometry">
            <mxPoint x="568" y="310" as="targetPoint" />
          </mxGeometry>
        </mxCell>
        <mxCell id="NDZJT8UYqZeGKJs3c_ch-16" value="" style="edgeStyle=orthogonalEdgeStyle;rounded=0;orthogonalLoop=1;jettySize=auto;html=1;" edge="1" parent="1" source="NDZJT8UYqZeGKJs3c_ch-17" target="NDZJT8UYqZeGKJs3c_ch-24">
          <mxGeometry relative="1" as="geometry" />
        </mxCell>
        <mxCell id="NDZJT8UYqZeGKJs3c_ch-17" value="col == x - row + 1" style="rhombus;whiteSpace=wrap;html=1;" vertex="1" parent="1">
          <mxGeometry x="520" y="191.88" width="120" height="98.75" as="geometry" />
        </mxCell>
        <mxCell id="NDZJT8UYqZeGKJs3c_ch-18" style="edgeStyle=orthogonalEdgeStyle;rounded=0;orthogonalLoop=1;jettySize=auto;html=1;exitX=0.5;exitY=1;exitDx=0;exitDy=0;entryX=0.5;entryY=0;entryDx=0;entryDy=0;" edge="1" parent="1" source="NDZJT8UYqZeGKJs3c_ch-19" target="NDZJT8UYqZeGKJs3c_ch-3">
          <mxGeometry relative="1" as="geometry" />
        </mxCell>
        <mxCell id="NDZJT8UYqZeGKJs3c_ch-19" value="page 4" style="ellipse;whiteSpace=wrap;html=1;" vertex="1" parent="1">
          <mxGeometry x="10" y="10" width="60" height="60" as="geometry" />
        </mxCell>
        <mxCell id="NDZJT8UYqZeGKJs3c_ch-69" style="edgeStyle=orthogonalEdgeStyle;rounded=0;orthogonalLoop=1;jettySize=auto;html=1;exitX=1;exitY=0.5;exitDx=0;exitDy=0;entryX=0.5;entryY=1;entryDx=0;entryDy=0;" edge="1" parent="1" source="NDZJT8UYqZeGKJs3c_ch-21" target="NDZJT8UYqZeGKJs3c_ch-27">
          <mxGeometry relative="1" as="geometry" />
        </mxCell>
        <mxCell id="NDZJT8UYqZeGKJs3c_ch-21" value="&quot; &quot;" style="shape=parallelogram;perimeter=parallelogramPerimeter;whiteSpace=wrap;html=1;fixedSize=1;" vertex="1" parent="1">
          <mxGeometry x="528.5" y="337.5" width="103" height="50" as="geometry" />
        </mxCell>
        <mxCell id="NDZJT8UYqZeGKJs3c_ch-22" value="False" style="text;html=1;align=center;verticalAlign=middle;resizable=0;points=[];autosize=1;strokeColor=none;fillColor=none;" vertex="1" parent="1">
          <mxGeometry x="530" y="290" width="50" height="30" as="geometry" />
        </mxCell>
        <mxCell id="NDZJT8UYqZeGKJs3c_ch-68" style="edgeStyle=orthogonalEdgeStyle;rounded=0;orthogonalLoop=1;jettySize=auto;html=1;exitX=1;exitY=0.5;exitDx=0;exitDy=0;entryX=0.5;entryY=1;entryDx=0;entryDy=0;" edge="1" parent="1" source="NDZJT8UYqZeGKJs3c_ch-24" target="NDZJT8UYqZeGKJs3c_ch-27">
          <mxGeometry relative="1" as="geometry">
            <Array as="points">
              <mxPoint x="794" y="241" />
              <mxPoint x="794" y="152" />
            </Array>
          </mxGeometry>
        </mxCell>
        <mxCell id="NDZJT8UYqZeGKJs3c_ch-24" value="col" style="shape=parallelogram;perimeter=parallelogramPerimeter;whiteSpace=wrap;html=1;fixedSize=1;" vertex="1" parent="1">
          <mxGeometry x="670" y="220.48" width="90" height="41.56" as="geometry" />
        </mxCell>
        <mxCell id="NDZJT8UYqZeGKJs3c_ch-25" value="True" style="text;html=1;align=center;verticalAlign=middle;resizable=0;points=[];autosize=1;strokeColor=none;fillColor=none;" vertex="1" parent="1">
          <mxGeometry x="630" y="218" width="50" height="30" as="geometry" />
        </mxCell>
        <mxCell id="NDZJT8UYqZeGKJs3c_ch-26" value="" style="edgeStyle=orthogonalEdgeStyle;rounded=0;orthogonalLoop=1;jettySize=auto;html=1;" edge="1" parent="1" source="NDZJT8UYqZeGKJs3c_ch-27" target="NDZJT8UYqZeGKJs3c_ch-29">
          <mxGeometry relative="1" as="geometry" />
        </mxCell>
        <mxCell id="NDZJT8UYqZeGKJs3c_ch-27" value="col++" style="rounded=1;whiteSpace=wrap;html=1;" vertex="1" parent="1">
          <mxGeometry x="760" y="54.21000000000001" width="67" height="30.01" as="geometry" />
        </mxCell>
        <mxCell id="NDZJT8UYqZeGKJs3c_ch-28" style="edgeStyle=orthogonalEdgeStyle;rounded=0;orthogonalLoop=1;jettySize=auto;html=1;exitX=0;exitY=0.25;exitDx=0;exitDy=0;entryX=0;entryY=0.5;entryDx=0;entryDy=0;" edge="1" parent="1" source="NDZJT8UYqZeGKJs3c_ch-29" target="NDZJT8UYqZeGKJs3c_ch-8">
          <mxGeometry relative="1" as="geometry" />
        </mxCell>
        <mxCell id="NDZJT8UYqZeGKJs3c_ch-29" value="row++" style="rounded=1;whiteSpace=wrap;html=1;" vertex="1" parent="1">
          <mxGeometry x="530" y="50" width="86.5" height="38.44" as="geometry" />
        </mxCell>
        <mxCell id="NDZJT8UYqZeGKJs3c_ch-30" value="True" style="text;html=1;align=center;verticalAlign=middle;resizable=0;points=[];autosize=1;strokeColor=none;fillColor=none;" vertex="1" parent="1">
          <mxGeometry x="65" y="138" width="50" height="30" as="geometry" />
        </mxCell>
        <mxCell id="NDZJT8UYqZeGKJs3c_ch-31" value="True" style="text;html=1;align=center;verticalAlign=middle;resizable=0;points=[];autosize=1;strokeColor=none;fillColor=none;" vertex="1" parent="1">
          <mxGeometry x="255" y="188" width="50" height="30" as="geometry" />
        </mxCell>
        <mxCell id="NDZJT8UYqZeGKJs3c_ch-32" value="True" style="text;html=1;align=center;verticalAlign=middle;resizable=0;points=[];autosize=1;strokeColor=none;fillColor=none;" vertex="1" parent="1">
          <mxGeometry x="470" y="218" width="50" height="30" as="geometry" />
        </mxCell>
        <mxCell id="NDZJT8UYqZeGKJs3c_ch-33" value="page 5" style="ellipse;whiteSpace=wrap;html=1;" vertex="1" parent="1">
          <mxGeometry x="395" y="330" width="70" height="65" as="geometry" />
        </mxCell>
        <mxCell id="NDZJT8UYqZeGKJs3c_ch-34" value="page 5" style="ellipse;whiteSpace=wrap;html=1;" vertex="1" parent="1">
          <mxGeometry x="384" y="131.88" width="60" height="58.75" as="geometry" />
        </mxCell>
        <mxCell id="NDZJT8UYqZeGKJs3c_ch-35" value="False" style="text;html=1;align=center;verticalAlign=middle;resizable=0;points=[];autosize=1;strokeColor=none;fillColor=none;" vertex="1" parent="1">
          <mxGeometry x="384" y="288" width="50" height="30" as="geometry" />
        </mxCell>
        <mxCell id="NDZJT8UYqZeGKJs3c_ch-36" value="False" style="text;html=1;align=center;verticalAlign=middle;resizable=0;points=[];autosize=1;strokeColor=none;fillColor=none;" vertex="1" parent="1">
          <mxGeometry x="330" y="136.25" width="50" height="30" as="geometry" />
        </mxCell>
        <mxCell id="NDZJT8UYqZeGKJs3c_ch-37" style="edgeStyle=orthogonalEdgeStyle;rounded=0;orthogonalLoop=1;jettySize=auto;html=1;exitX=1;exitY=0.5;exitDx=0;exitDy=0;entryX=0;entryY=0.5;entryDx=0;entryDy=0;" edge="1" parent="1" source="NDZJT8UYqZeGKJs3c_ch-38" target="NDZJT8UYqZeGKJs3c_ch-42">
          <mxGeometry relative="1" as="geometry" />
        </mxCell>
        <mxCell id="NDZJT8UYqZeGKJs3c_ch-38" value="row =1&amp;nbsp;" style="rounded=1;whiteSpace=wrap;html=1;" vertex="1" parent="1">
          <mxGeometry y="785.62" width="80" height="50.63" as="geometry" />
        </mxCell>
        <mxCell id="NDZJT8UYqZeGKJs3c_ch-39" value="False" style="text;html=1;align=center;verticalAlign=middle;resizable=0;points=[];autosize=1;strokeColor=none;fillColor=none;" vertex="1" parent="1">
          <mxGeometry y="492.5" width="50" height="30" as="geometry" />
        </mxCell>
        <mxCell id="NDZJT8UYqZeGKJs3c_ch-40" value="" style="edgeStyle=orthogonalEdgeStyle;rounded=0;orthogonalLoop=1;jettySize=auto;html=1;" edge="1" parent="1" source="NDZJT8UYqZeGKJs3c_ch-42" target="NDZJT8UYqZeGKJs3c_ch-45">
          <mxGeometry relative="1" as="geometry" />
        </mxCell>
        <mxCell id="NDZJT8UYqZeGKJs3c_ch-41" value="" style="edgeStyle=orthogonalEdgeStyle;rounded=0;orthogonalLoop=1;jettySize=auto;html=1;" edge="1" parent="1" source="NDZJT8UYqZeGKJs3c_ch-42" target="NDZJT8UYqZeGKJs3c_ch-65">
          <mxGeometry relative="1" as="geometry" />
        </mxCell>
        <mxCell id="NDZJT8UYqZeGKJs3c_ch-42" value="row &lt;= x" style="rhombus;whiteSpace=wrap;html=1;" vertex="1" parent="1">
          <mxGeometry x="247.5" y="786.25" width="75" height="50" as="geometry" />
        </mxCell>
        <mxCell id="NDZJT8UYqZeGKJs3c_ch-43" value="" style="edgeStyle=orthogonalEdgeStyle;rounded=0;orthogonalLoop=1;jettySize=auto;html=1;" edge="1" parent="1" source="NDZJT8UYqZeGKJs3c_ch-45" target="NDZJT8UYqZeGKJs3c_ch-48">
          <mxGeometry relative="1" as="geometry" />
        </mxCell>
        <mxCell id="NDZJT8UYqZeGKJs3c_ch-44" value="" style="edgeStyle=orthogonalEdgeStyle;rounded=0;orthogonalLoop=1;jettySize=auto;html=1;" edge="1" parent="1" source="NDZJT8UYqZeGKJs3c_ch-45" target="NDZJT8UYqZeGKJs3c_ch-48">
          <mxGeometry relative="1" as="geometry" />
        </mxCell>
        <mxCell id="NDZJT8UYqZeGKJs3c_ch-45" value="col = 1" style="rounded=1;whiteSpace=wrap;html=1;" vertex="1" parent="1">
          <mxGeometry x="245" y="876.25" width="80" height="30" as="geometry" />
        </mxCell>
        <mxCell id="NDZJT8UYqZeGKJs3c_ch-46" value="" style="edgeStyle=orthogonalEdgeStyle;rounded=0;orthogonalLoop=1;jettySize=auto;html=1;" edge="1" parent="1" source="NDZJT8UYqZeGKJs3c_ch-48" target="NDZJT8UYqZeGKJs3c_ch-51">
          <mxGeometry relative="1" as="geometry" />
        </mxCell>
        <mxCell id="NDZJT8UYqZeGKJs3c_ch-47" value="" style="edgeStyle=orthogonalEdgeStyle;rounded=0;orthogonalLoop=1;jettySize=auto;html=1;" edge="1" parent="1" source="NDZJT8UYqZeGKJs3c_ch-48" target="NDZJT8UYqZeGKJs3c_ch-64">
          <mxGeometry relative="1" as="geometry" />
        </mxCell>
        <mxCell id="NDZJT8UYqZeGKJs3c_ch-48" value="col &lt;= x" style="rhombus;whiteSpace=wrap;html=1;" vertex="1" parent="1">
          <mxGeometry x="380" y="851.25" width="80" height="80" as="geometry" />
        </mxCell>
        <mxCell id="NDZJT8UYqZeGKJs3c_ch-49" value="" style="edgeStyle=orthogonalEdgeStyle;rounded=0;orthogonalLoop=1;jettySize=auto;html=1;entryX=0.5;entryY=0;entryDx=0;entryDy=0;" edge="1" parent="1" source="NDZJT8UYqZeGKJs3c_ch-51" target="NDZJT8UYqZeGKJs3c_ch-53">
          <mxGeometry relative="1" as="geometry">
            <mxPoint x="558" y="960" as="targetPoint" />
          </mxGeometry>
        </mxCell>
        <mxCell id="NDZJT8UYqZeGKJs3c_ch-50" value="" style="edgeStyle=orthogonalEdgeStyle;rounded=0;orthogonalLoop=1;jettySize=auto;html=1;" edge="1" parent="1" source="NDZJT8UYqZeGKJs3c_ch-51" target="NDZJT8UYqZeGKJs3c_ch-56">
          <mxGeometry relative="1" as="geometry" />
        </mxCell>
        <mxCell id="NDZJT8UYqZeGKJs3c_ch-51" value="col == x - row + 1&amp;nbsp;" style="rhombus;whiteSpace=wrap;html=1;" vertex="1" parent="1">
          <mxGeometry x="510" y="836.25" width="110" height="108.75" as="geometry" />
        </mxCell>
        <mxCell id="NDZJT8UYqZeGKJs3c_ch-52" style="edgeStyle=orthogonalEdgeStyle;rounded=0;orthogonalLoop=1;jettySize=auto;html=1;exitX=1;exitY=0.5;exitDx=0;exitDy=0;entryX=0.5;entryY=1;entryDx=0;entryDy=0;" edge="1" parent="1" source="NDZJT8UYqZeGKJs3c_ch-53" target="NDZJT8UYqZeGKJs3c_ch-59">
          <mxGeometry relative="1" as="geometry" />
        </mxCell>
        <mxCell id="NDZJT8UYqZeGKJs3c_ch-53" value="&quot; &quot;" style="shape=parallelogram;perimeter=parallelogramPerimeter;whiteSpace=wrap;html=1;fixedSize=1;" vertex="1" parent="1">
          <mxGeometry x="511.75" y="990.62" width="106.5" height="43.75" as="geometry" />
        </mxCell>
        <mxCell id="NDZJT8UYqZeGKJs3c_ch-54" value="False" style="text;html=1;align=center;verticalAlign=middle;resizable=0;points=[];autosize=1;strokeColor=none;fillColor=none;" vertex="1" parent="1">
          <mxGeometry x="516.5" y="950" width="50" height="30" as="geometry" />
        </mxCell>
        <mxCell id="NDZJT8UYqZeGKJs3c_ch-55" style="edgeStyle=orthogonalEdgeStyle;rounded=0;orthogonalLoop=1;jettySize=auto;html=1;exitX=1;exitY=0.75;exitDx=0;exitDy=0;entryX=0.5;entryY=1;entryDx=0;entryDy=0;" edge="1" parent="1" source="NDZJT8UYqZeGKJs3c_ch-56" target="NDZJT8UYqZeGKJs3c_ch-59">
          <mxGeometry relative="1" as="geometry" />
        </mxCell>
        <mxCell id="NDZJT8UYqZeGKJs3c_ch-56" value="row" style="shape=parallelogram;perimeter=parallelogramPerimeter;whiteSpace=wrap;html=1;fixedSize=1;" vertex="1" parent="1">
          <mxGeometry x="650" y="870" width="90" height="41.56" as="geometry" />
        </mxCell>
        <mxCell id="NDZJT8UYqZeGKJs3c_ch-57" value="True" style="text;html=1;align=center;verticalAlign=middle;resizable=0;points=[];autosize=1;strokeColor=none;fillColor=none;" vertex="1" parent="1">
          <mxGeometry x="606.5" y="868" width="50" height="30" as="geometry" />
        </mxCell>
        <mxCell id="NDZJT8UYqZeGKJs3c_ch-58" value="" style="edgeStyle=orthogonalEdgeStyle;rounded=0;orthogonalLoop=1;jettySize=auto;html=1;" edge="1" parent="1" source="NDZJT8UYqZeGKJs3c_ch-59" target="NDZJT8UYqZeGKJs3c_ch-61">
          <mxGeometry relative="1" as="geometry" />
        </mxCell>
        <mxCell id="NDZJT8UYqZeGKJs3c_ch-59" value="col++" style="rounded=1;whiteSpace=wrap;html=1;" vertex="1" parent="1">
          <mxGeometry x="750" y="704.21" width="67" height="30.01" as="geometry" />
        </mxCell>
        <mxCell id="NDZJT8UYqZeGKJs3c_ch-60" style="edgeStyle=orthogonalEdgeStyle;rounded=0;orthogonalLoop=1;jettySize=auto;html=1;exitX=0;exitY=0.25;exitDx=0;exitDy=0;entryX=0;entryY=0.5;entryDx=0;entryDy=0;" edge="1" parent="1" source="NDZJT8UYqZeGKJs3c_ch-61" target="NDZJT8UYqZeGKJs3c_ch-42">
          <mxGeometry relative="1" as="geometry">
            <Array as="points">
              <mxPoint x="520" y="720" />
              <mxPoint x="228" y="720" />
              <mxPoint x="228" y="811" />
            </Array>
          </mxGeometry>
        </mxCell>
        <mxCell id="NDZJT8UYqZeGKJs3c_ch-61" value="row++" style="rounded=1;whiteSpace=wrap;html=1;" vertex="1" parent="1">
          <mxGeometry x="520" y="700" width="86.5" height="38.44" as="geometry" />
        </mxCell>
        <mxCell id="NDZJT8UYqZeGKJs3c_ch-62" value="True" style="text;html=1;align=center;verticalAlign=middle;resizable=0;points=[];autosize=1;strokeColor=none;fillColor=none;" vertex="1" parent="1">
          <mxGeometry x="245" y="838" width="50" height="30" as="geometry" />
        </mxCell>
        <mxCell id="NDZJT8UYqZeGKJs3c_ch-63" value="True" style="text;html=1;align=center;verticalAlign=middle;resizable=0;points=[];autosize=1;strokeColor=none;fillColor=none;" vertex="1" parent="1">
          <mxGeometry x="460" y="868" width="50" height="30" as="geometry" />
        </mxCell>
        <mxCell id="NDZJT8UYqZeGKJs3c_ch-64" value="page 5" style="ellipse;whiteSpace=wrap;html=1;" vertex="1" parent="1">
          <mxGeometry x="385" y="980" width="70" height="65" as="geometry" />
        </mxCell>
        <mxCell id="NDZJT8UYqZeGKJs3c_ch-65" value="page 5" style="ellipse;whiteSpace=wrap;html=1;" vertex="1" parent="1">
          <mxGeometry x="374" y="781.88" width="60" height="58.75" as="geometry" />
        </mxCell>
        <mxCell id="NDZJT8UYqZeGKJs3c_ch-66" value="False" style="text;html=1;align=center;verticalAlign=middle;resizable=0;points=[];autosize=1;strokeColor=none;fillColor=none;" vertex="1" parent="1">
          <mxGeometry x="374" y="938" width="50" height="30" as="geometry" />
        </mxCell>
        <mxCell id="NDZJT8UYqZeGKJs3c_ch-67" value="False" style="text;html=1;align=center;verticalAlign=middle;resizable=0;points=[];autosize=1;strokeColor=none;fillColor=none;" vertex="1" parent="1">
          <mxGeometry x="320" y="786.25" width="50" height="30" as="geometry" />
        </mxCell>
      </root>
    </mxGraphModel>
  </diagram>
  <diagram id="gcmpjh9ofkjk4SMF3S__" name="Page-5">
    <mxGraphModel dx="1050" dy="541" grid="1" gridSize="10" guides="1" tooltips="1" connect="1" arrows="1" fold="1" page="1" pageScale="1" pageWidth="827" pageHeight="1169" math="0" shadow="0">
      <root>
        <mxCell id="0" />
        <mxCell id="1" parent="0" />
        <mxCell id="Ofyy__N9W8rW4U1zqsyM-2" style="edgeStyle=orthogonalEdgeStyle;rounded=0;orthogonalLoop=1;jettySize=auto;html=1;exitX=0.5;exitY=1;exitDx=0;exitDy=0;entryX=0.5;entryY=0;entryDx=0;entryDy=0;" edge="1" parent="1" source="OwXDagDmo3ZPLzdHpB4V-1" target="Ofyy__N9W8rW4U1zqsyM-1">
          <mxGeometry relative="1" as="geometry" />
        </mxCell>
        <mxCell id="OwXDagDmo3ZPLzdHpB4V-1" value="page 5" style="ellipse;whiteSpace=wrap;html=1;aspect=fixed;" vertex="1" parent="1">
          <mxGeometry x="360" y="60" width="80" height="80" as="geometry" />
        </mxCell>
        <mxCell id="Ofyy__N9W8rW4U1zqsyM-1" value="return 0&lt;div&gt;Exit from main&lt;/div&gt;" style="ellipse;whiteSpace=wrap;html=1;" vertex="1" parent="1">
          <mxGeometry x="340" y="240" width="120" height="80" as="geometry" />
        </mxCell>
      </root>
    </mxGraphModel>
  </diagram>
</mxfile>
